SET DEFINE OFF

INSERT INTO DZIELNICA (ID_DZ, NAZWA_DZ) 
VALUES (1, 'Mokotów');

INSERT INTO DZIELNICA (ID_DZ, NAZWA_DZ) 
VALUES (2, 'Praga-Po³udnie');

INSERT INTO DZIELNICA (ID_DZ, NAZWA_DZ) 
VALUES (3, 'Ursynów');

INSERT INTO DZIELNICA (ID_DZ, NAZWA_DZ) 
VALUES (4, 'Wola');

INSERT INTO DZIELNICA (ID_DZ, NAZWA_DZ) 
VALUES (5, 'Bielany');

INSERT INTO DZIELNICA (ID_DZ, NAZWA_DZ) 
VALUES (6, 'Targówek');

INSERT INTO DZIELNICA (ID_DZ, NAZWA_DZ) 
VALUES (7, 'Bemowo');

INSERT INTO DZIELNICA (ID_DZ, NAZWA_DZ) 
VALUES (8, 'Œródmieœcie');

INSERT INTO DZIELNICA (ID_DZ, NAZWA_DZ) 
VALUES (9, 'Bia³o³êka');

INSERT INTO DZIELNICA (ID_DZ, NAZWA_DZ) 
VALUES (10, 'Ochota');

INSERT INTO DZIELNICA (ID_DZ, NAZWA_DZ) 
VALUES (11, 'Wawer');

INSERT INTO DZIELNICA (ID_DZ, NAZWA_DZ) 
VALUES (12, 'Praga-Pó³noc');

INSERT INTO DZIELNICA (ID_DZ, NAZWA_DZ) 
VALUES (13, 'Ursus');

INSERT INTO DZIELNICA (ID_DZ, NAZWA_DZ) 
VALUES (14, '¯oliborz');

INSERT INTO DZIELNICA (ID_DZ, NAZWA_DZ) 
VALUES (15, 'W³ochy');

INSERT INTO DZIELNICA (ID_DZ, NAZWA_DZ) 
VALUES (16, 'Wilanów');

INSERT INTO DZIELNICA (ID_DZ, NAZWA_DZ) 
VALUES (17, 'Weso³a');

INSERT INTO DZIELNICA (ID_DZ, NAZWA_DZ) 
VALUES (18, 'Rembertów');





SET DEFINE OFF

INSERT INTO KATEGORIA_PROD (ID_KAT_PROD, NAZWA_KAT_PROD) 
VALUES (1, 'Burgery');

INSERT INTO KATEGORIA_PROD (ID_KAT_PROD, NAZWA_KAT_PROD) 
VALUES (2, 'Pizza');

INSERT INTO KATEGORIA_PROD (ID_KAT_PROD, NAZWA_KAT_PROD) 
VALUES (3, 'Kebab');

INSERT INTO KATEGORIA_PROD (ID_KAT_PROD, NAZWA_KAT_PROD) 
VALUES (4, 'Dania obiadowe');

INSERT INTO KATEGORIA_PROD (ID_KAT_PROD, NAZWA_KAT_PROD) 
VALUES (5, 'Sushi');

INSERT INTO KATEGORIA_PROD (ID_KAT_PROD, NAZWA_KAT_PROD) 
VALUES (6, 'Dodatki');

INSERT INTO KATEGORIA_PROD (ID_KAT_PROD, NAZWA_KAT_PROD) 
VALUES (7, 'Przystawki');

INSERT INTO KATEGORIA_PROD (ID_KAT_PROD, NAZWA_KAT_PROD) 
VALUES (8, 'Zimne napoje');

INSERT INTO KATEGORIA_PROD (ID_KAT_PROD, NAZWA_KAT_PROD) 
VALUES (9, 'Sa³atki');

INSERT INTO KATEGORIA_PROD (ID_KAT_PROD, NAZWA_KAT_PROD) 
VALUES (10, 'Kurczak');

INSERT INTO KATEGORIA_PROD (ID_KAT_PROD, NAZWA_KAT_PROD) 
VALUES (11, 'Zupy');

INSERT INTO KATEGORIA_PROD (ID_KAT_PROD, NAZWA_KAT_PROD) 
VALUES (12, 'Desery');

INSERT INTO KATEGORIA_PROD (ID_KAT_PROD, NAZWA_KAT_PROD) 
VALUES (13, 'Ciep³e napoje');

INSERT INTO KATEGORIA_PROD (ID_KAT_PROD, NAZWA_KAT_PROD) 
VALUES (14, 'Pierogi');

INSERT INTO KATEGORIA_PROD (ID_KAT_PROD, NAZWA_KAT_PROD) 
VALUES (15, 'Wegetariañskie');

INSERT INTO KATEGORIA_PROD (ID_KAT_PROD, NAZWA_KAT_PROD) 
VALUES (16, 'Wegañskie');

INSERT INTO KATEGORIA_PROD (ID_KAT_PROD, NAZWA_KAT_PROD) 
VALUES (17, 'Pasta');





SET DEFINE OFF

INSERT INTO KATEGORIA_RES (ID_KAT_RES, NAZWA_KAT_RES) 
VALUES (1, 'W³oskie');

INSERT INTO KATEGORIA_RES (ID_KAT_RES, NAZWA_KAT_RES) 
VALUES (2, 'Polskie');

INSERT INTO KATEGORIA_RES (ID_KAT_RES, NAZWA_KAT_RES) 
VALUES (3, 'Tureckie');

INSERT INTO KATEGORIA_RES (ID_KAT_RES, NAZWA_KAT_RES) 
VALUES (4, 'Indyjskie');

INSERT INTO KATEGORIA_RES (ID_KAT_RES, NAZWA_KAT_RES) 
VALUES (5, 'Orientalne');

INSERT INTO KATEGORIA_RES (ID_KAT_RES, NAZWA_KAT_RES) 
VALUES (6, 'Japoñskie');

INSERT INTO KATEGORIA_RES (ID_KAT_RES, NAZWA_KAT_RES) 
VALUES (7, 'Amerykañskie');

INSERT INTO KATEGORIA_RES (ID_KAT_RES, NAZWA_KAT_RES) 
VALUES (8, 'Ukraiñskie');

INSERT INTO KATEGORIA_RES (ID_KAT_RES, NAZWA_KAT_RES) 
VALUES (9, 'Niemieckie');

INSERT INTO KATEGORIA_RES (ID_KAT_RES, NAZWA_KAT_RES) 
VALUES (10, 'Wegetariañskie');





SET DEFINE OFF

INSERT INTO KLIENT (ID_KL, IMIE, NAZWISKO, ADRES_KL, TELEFON_KL, ID_DZ) 
VALUES (1, 'Timotheus', 'Finders', '781 Starling Terrace', '4885788412', 16);

INSERT INTO KLIENT (ID_KL, IMIE, NAZWISKO, ADRES_KL, TELEFON_KL, ID_DZ) 
VALUES (2, 'Nisse', 'Pargetter', '53 Green Drive', '9186948835', 9);

INSERT INTO KLIENT (ID_KL, IMIE, NAZWISKO, ADRES_KL, TELEFON_KL, ID_DZ) 
VALUES (3, 'Regan', 'Caldes', '5357 Donald Alley', '7354905735', 15);

INSERT INTO KLIENT (ID_KL, IMIE, NAZWISKO, ADRES_KL, TELEFON_KL, ID_DZ) 
VALUES (4, 'Abigael', 'McJury', '426 Lerdahl Junction', '7048563988', 8);

INSERT INTO KLIENT (ID_KL, IMIE, NAZWISKO, ADRES_KL, TELEFON_KL, ID_DZ) 
VALUES (5, 'Bord', 'Brawn', '95 Crowley Terrace', '3588201362', 6);

INSERT INTO KLIENT (ID_KL, IMIE, NAZWISKO, ADRES_KL, TELEFON_KL, ID_DZ) 
VALUES (6, 'Bernadene', 'Currier', '147 Holmberg Hill', '5358444498', 3);

INSERT INTO KLIENT (ID_KL, IMIE, NAZWISKO, ADRES_KL, TELEFON_KL, ID_DZ) 
VALUES (7, 'Gnni', 'Gofford', '66704 Scoville Center', '5815831149', 11);

INSERT INTO KLIENT (ID_KL, IMIE, NAZWISKO, ADRES_KL, TELEFON_KL, ID_DZ) 
VALUES (8, 'Kay', 'Pavluk', '68 Trailsway Crossing', '5398718947', 5);

INSERT INTO KLIENT (ID_KL, IMIE, NAZWISKO, ADRES_KL, TELEFON_KL, ID_DZ) 
VALUES (9, 'Minna', 'Stearne', '2185 Blaine Alley', '5492549356', 2);

INSERT INTO KLIENT (ID_KL, IMIE, NAZWISKO, ADRES_KL, TELEFON_KL, ID_DZ) 
VALUES (10, 'Karlens', 'Tagg', '6992 Leroy Street', '8915887414', 15);

INSERT INTO KLIENT (ID_KL, IMIE, NAZWISKO, ADRES_KL, TELEFON_KL, ID_DZ) 
VALUES (11, 'Jori', 'Ceresa', '93008 Saint Paul Court', '8296134683', 2);

INSERT INTO KLIENT (ID_KL, IMIE, NAZWISKO, ADRES_KL, TELEFON_KL, ID_DZ) 
VALUES (12, 'Nealson', 'MacLachlan', '60152 Fuller Plaza', '3909731314', 16);

INSERT INTO KLIENT (ID_KL, IMIE, NAZWISKO, ADRES_KL, TELEFON_KL, ID_DZ) 
VALUES (13, 'Antin', 'Derrell', '8279 Manufacturers Point', '5793075984', 12);

INSERT INTO KLIENT (ID_KL, IMIE, NAZWISKO, ADRES_KL, TELEFON_KL, ID_DZ) 
VALUES (14, 'Dorian', 'Sheahan', '7544 Little Fleur Hill', '5388320807', 16);

INSERT INTO KLIENT (ID_KL, IMIE, NAZWISKO, ADRES_KL, TELEFON_KL, ID_DZ) 
VALUES (15, 'Clarance', 'Donoher', '5118 Blaine Avenue', '9934954897', 12);

INSERT INTO KLIENT (ID_KL, IMIE, NAZWISKO, ADRES_KL, TELEFON_KL, ID_DZ) 
VALUES (16, 'Jacklin', 'Curner', '91 Hoard Junction', '8001076235', 8);

INSERT INTO KLIENT (ID_KL, IMIE, NAZWISKO, ADRES_KL, TELEFON_KL, ID_DZ) 
VALUES (17, 'Molli', 'Rosedale', '7 Mendota Alley', '8767896827', 17);

INSERT INTO KLIENT (ID_KL, IMIE, NAZWISKO, ADRES_KL, TELEFON_KL, ID_DZ) 
VALUES (18, 'Lynett', 'Eisold', '61 Porter Pass', '7096838695', 6);

INSERT INTO KLIENT (ID_KL, IMIE, NAZWISKO, ADRES_KL, TELEFON_KL, ID_DZ) 
VALUES (19, 'Courtney', 'Partkya', '9662 Forster Junction', '4123028356', 18);

INSERT INTO KLIENT (ID_KL, IMIE, NAZWISKO, ADRES_KL, TELEFON_KL, ID_DZ) 
VALUES (20, 'Tobit', 'Vase', '07 Elgar Plaza', '4045159047', 11);

INSERT INTO KLIENT (ID_KL, IMIE, NAZWISKO, ADRES_KL, TELEFON_KL, ID_DZ) 
VALUES (21, 'Dian', 'Piscopiello', '46 Arapahoe Road', '9168086964', 13);

INSERT INTO KLIENT (ID_KL, IMIE, NAZWISKO, ADRES_KL, TELEFON_KL, ID_DZ) 
VALUES (22, 'Laney', 'Rainville', '1 Rowland Center', '6202491101', 11);

INSERT INTO KLIENT (ID_KL, IMIE, NAZWISKO, ADRES_KL, TELEFON_KL, ID_DZ) 
VALUES (23, 'Flinn', 'Calyton', '5110 Superior Alley', '1449339586', 15);

INSERT INTO KLIENT (ID_KL, IMIE, NAZWISKO, ADRES_KL, TELEFON_KL, ID_DZ) 
VALUES (24, 'Jyoti', 'Blaby', '23 Hanover Drive', '9597088012', 2);

INSERT INTO KLIENT (ID_KL, IMIE, NAZWISKO, ADRES_KL, TELEFON_KL, ID_DZ) 
VALUES (25, 'Maybelle', 'Frentz', '453 Hintze Trail', '6737283137', 9);

INSERT INTO KLIENT (ID_KL, IMIE, NAZWISKO, ADRES_KL, TELEFON_KL, ID_DZ) 
VALUES (26, 'Celisse', 'Parnby', '59156 Dawn Way', '5745183751', 1);

INSERT INTO KLIENT (ID_KL, IMIE, NAZWISKO, ADRES_KL, TELEFON_KL, ID_DZ) 
VALUES (27, 'Siward', 'Batchelour', '8736 Sunnyside Circle', '4367701593', 10);

INSERT INTO KLIENT (ID_KL, IMIE, NAZWISKO, ADRES_KL, TELEFON_KL, ID_DZ) 
VALUES (28, 'Debor', 'Mansel', '44 Mcguire Park', '4518597072', 14);

INSERT INTO KLIENT (ID_KL, IMIE, NAZWISKO, ADRES_KL, TELEFON_KL, ID_DZ) 
VALUES (29, 'Roma', 'Nacci', '6 Lien Drive', '6434914452', 14);

INSERT INTO KLIENT (ID_KL, IMIE, NAZWISKO, ADRES_KL, TELEFON_KL, ID_DZ) 
VALUES (30, 'Diahann', 'Aleksashin', '8 Randy Trail', '5748825470', 8);

INSERT INTO KLIENT (ID_KL, IMIE, NAZWISKO, ADRES_KL, TELEFON_KL, ID_DZ) 
VALUES (31, 'Foster', 'Hacun', '1 Dayton Trail', '7803426996', 7);

INSERT INTO KLIENT (ID_KL, IMIE, NAZWISKO, ADRES_KL, TELEFON_KL, ID_DZ) 
VALUES (32, 'Melva', 'Shinfield', '7 Schmedeman Place', '1183132980', 17);

INSERT INTO KLIENT (ID_KL, IMIE, NAZWISKO, ADRES_KL, TELEFON_KL, ID_DZ) 
VALUES (33, 'Nick', 'Pryell', '34 Bartillon Plaza', '1966659828', 18);

INSERT INTO KLIENT (ID_KL, IMIE, NAZWISKO, ADRES_KL, TELEFON_KL, ID_DZ) 
VALUES (34, 'Dore', 'Presdee', '66 Westerfield Point', '1083754335', 6);

INSERT INTO KLIENT (ID_KL, IMIE, NAZWISKO, ADRES_KL, TELEFON_KL, ID_DZ) 
VALUES (35, 'Field', 'Mettericke', '672 Green Ridge Hill', '4569569920', 12);

INSERT INTO KLIENT (ID_KL, IMIE, NAZWISKO, ADRES_KL, TELEFON_KL, ID_DZ) 
VALUES (36, 'Gerianna', 'Thaim', '76882 Maywood Lane', '8927350693', 8);

INSERT INTO KLIENT (ID_KL, IMIE, NAZWISKO, ADRES_KL, TELEFON_KL, ID_DZ) 
VALUES (37, 'Ginni', 'Goeff', '347 Brown Parkway', '5458197423', 1);

INSERT INTO KLIENT (ID_KL, IMIE, NAZWISKO, ADRES_KL, TELEFON_KL, ID_DZ) 
VALUES (38, 'Gene', 'Olney', '2645 International Court', '8416301902', 18);

INSERT INTO KLIENT (ID_KL, IMIE, NAZWISKO, ADRES_KL, TELEFON_KL, ID_DZ) 
VALUES (39, 'Krishna', 'Dermot', '19 Grasskamp Way', '9911418154', 6);

INSERT INTO KLIENT (ID_KL, IMIE, NAZWISKO, ADRES_KL, TELEFON_KL, ID_DZ) 
VALUES (40, 'Melisa', 'Yearne', '2 Buena Vista Point', '6062326325', 12);

INSERT INTO KLIENT (ID_KL, IMIE, NAZWISKO, ADRES_KL, TELEFON_KL, ID_DZ) 
VALUES (41, 'Eva', 'Parncutt', '52158 Logan Hill', '1837815007', 12);

INSERT INTO KLIENT (ID_KL, IMIE, NAZWISKO, ADRES_KL, TELEFON_KL, ID_DZ) 
VALUES (42, 'Aida', 'Mulran', '848 Rowland Plaza', '3087309168', 15);

INSERT INTO KLIENT (ID_KL, IMIE, NAZWISKO, ADRES_KL, TELEFON_KL, ID_DZ) 
VALUES (43, 'Torie', 'Brims', '051 Fair Oaks Street', '2214684141', 12);

INSERT INTO KLIENT (ID_KL, IMIE, NAZWISKO, ADRES_KL, TELEFON_KL, ID_DZ) 
VALUES (44, 'Biddie', 'Philipps', '4321 Fallview Circle', '1149759509', 3);

INSERT INTO KLIENT (ID_KL, IMIE, NAZWISKO, ADRES_KL, TELEFON_KL, ID_DZ) 
VALUES (45, 'Maudie', 'Whiteson', '114 David Pass', '2616510974', 18);

INSERT INTO KLIENT (ID_KL, IMIE, NAZWISKO, ADRES_KL, TELEFON_KL, ID_DZ) 
VALUES (46, 'Paul', 'de Nore', '43 Corben Plaza', '3568256471', 8);

INSERT INTO KLIENT (ID_KL, IMIE, NAZWISKO, ADRES_KL, TELEFON_KL, ID_DZ) 
VALUES (47, 'Cahra', 'Gatland', '0890 Bluejay Trail', '2851203944', 18);

INSERT INTO KLIENT (ID_KL, IMIE, NAZWISKO, ADRES_KL, TELEFON_KL, ID_DZ) 
VALUES (48, 'Tresa', 'Rosin', '698 Susan Terrace', '7205153835', 7);

INSERT INTO KLIENT (ID_KL, IMIE, NAZWISKO, ADRES_KL, TELEFON_KL, ID_DZ) 
VALUES (49, 'Ceil', 'Keddle', '293 Hansons Place', '1359125017', 6);

INSERT INTO KLIENT (ID_KL, IMIE, NAZWISKO, ADRES_KL, TELEFON_KL, ID_DZ) 
VALUES (50, 'Nesta', 'Sabey', '27 Hooker Parkway', '6606271954', 7);

INSERT INTO KLIENT (ID_KL, IMIE, NAZWISKO, ADRES_KL, TELEFON_KL, ID_DZ) 
VALUES (51, 'Jarid', 'Wyley', '73 Helena Road', '2683303055', 14);

INSERT INTO KLIENT (ID_KL, IMIE, NAZWISKO, ADRES_KL, TELEFON_KL, ID_DZ) 
VALUES (52, 'Anderea', 'Tampion', '4053 Arapahoe Pass', '1394392831', 4);

INSERT INTO KLIENT (ID_KL, IMIE, NAZWISKO, ADRES_KL, TELEFON_KL, ID_DZ) 
VALUES (53, 'Albertina', 'Guittet', '695 Kings Street', '7015000055', 8);

INSERT INTO KLIENT (ID_KL, IMIE, NAZWISKO, ADRES_KL, TELEFON_KL, ID_DZ) 
VALUES (54, 'Nichole', 'Adderley', '56 Farwell Place', '2284427534', 10);

INSERT INTO KLIENT (ID_KL, IMIE, NAZWISKO, ADRES_KL, TELEFON_KL, ID_DZ) 
VALUES (55, 'Tomaso', 'Whittek', '266 Florence Circle', '2099980991', 15);

INSERT INTO KLIENT (ID_KL, IMIE, NAZWISKO, ADRES_KL, TELEFON_KL, ID_DZ) 
VALUES (56, 'Stacy', 'Gheeraert', '998 Waxwing Point', '3935661458', 10);

INSERT INTO KLIENT (ID_KL, IMIE, NAZWISKO, ADRES_KL, TELEFON_KL, ID_DZ) 
VALUES (57, 'Marjorie', 'Coulter', '3264 Sloan Plaza', '2437658300', 14);

INSERT INTO KLIENT (ID_KL, IMIE, NAZWISKO, ADRES_KL, TELEFON_KL, ID_DZ) 
VALUES (58, 'Pia', 'Worcs', '5 Sunfield Terrace', '7326215172', 1);

INSERT INTO KLIENT (ID_KL, IMIE, NAZWISKO, ADRES_KL, TELEFON_KL, ID_DZ) 
VALUES (59, 'Ceil', 'Brasner', '377 Dunning Terrace', '2878166438', 13);

INSERT INTO KLIENT (ID_KL, IMIE, NAZWISKO, ADRES_KL, TELEFON_KL, ID_DZ) 
VALUES (60, 'Cathrine', 'Swatten', '12 Lunder Lane', '2203291825', 6);

INSERT INTO KLIENT (ID_KL, IMIE, NAZWISKO, ADRES_KL, TELEFON_KL, ID_DZ) 
VALUES (61, 'Reider', 'Atyeo', '4848 Bluestem Parkway', '4836750067', 14);

INSERT INTO KLIENT (ID_KL, IMIE, NAZWISKO, ADRES_KL, TELEFON_KL, ID_DZ) 
VALUES (62, 'Merell', 'Lamperti', '96070 Hagan Parkway', '4767510605', 6);

INSERT INTO KLIENT (ID_KL, IMIE, NAZWISKO, ADRES_KL, TELEFON_KL, ID_DZ) 
VALUES (63, 'Bobbie', 'Cariss', '60 Gale Parkway', '2968639523', 18);

INSERT INTO KLIENT (ID_KL, IMIE, NAZWISKO, ADRES_KL, TELEFON_KL, ID_DZ) 
VALUES (64, 'Lonnie', 'Rickards', '07141 Bunting Place', '5946697821', 13);

INSERT INTO KLIENT (ID_KL, IMIE, NAZWISKO, ADRES_KL, TELEFON_KL, ID_DZ) 
VALUES (65, 'Olga', 'Gandy', '64101 Hoepker Circle', '9649346819', 6);

INSERT INTO KLIENT (ID_KL, IMIE, NAZWISKO, ADRES_KL, TELEFON_KL, ID_DZ) 
VALUES (66, 'Dorie', 'Yakunkin', '9151 Northfield Point', '3712105474', 8);

INSERT INTO KLIENT (ID_KL, IMIE, NAZWISKO, ADRES_KL, TELEFON_KL, ID_DZ) 
VALUES (67, 'Leonidas', 'Twede', '08413 Longview Drive', '9477311786', 7);

INSERT INTO KLIENT (ID_KL, IMIE, NAZWISKO, ADRES_KL, TELEFON_KL, ID_DZ) 
VALUES (68, 'Briney', 'Mosen', '6 Rigney Lane', '1861132512', 6);

INSERT INTO KLIENT (ID_KL, IMIE, NAZWISKO, ADRES_KL, TELEFON_KL, ID_DZ) 
VALUES (69, 'Allistir', 'Bubeer', '5305 Arkansas Court', '2735829951', 12);

INSERT INTO KLIENT (ID_KL, IMIE, NAZWISKO, ADRES_KL, TELEFON_KL, ID_DZ) 
VALUES (70, 'Blancha', 'Beaument', '59 Anzinger Terrace', '3317455462', 6);

INSERT INTO KLIENT (ID_KL, IMIE, NAZWISKO, ADRES_KL, TELEFON_KL, ID_DZ) 
VALUES (71, 'Bord', 'Sarfati', '3 Melvin Court', '5621526675', 17);

INSERT INTO KLIENT (ID_KL, IMIE, NAZWISKO, ADRES_KL, TELEFON_KL, ID_DZ) 
VALUES (72, 'Sidonia', 'Lanney', '35 Continental Hill', '5997939441', 8);

INSERT INTO KLIENT (ID_KL, IMIE, NAZWISKO, ADRES_KL, TELEFON_KL, ID_DZ) 
VALUES (73, 'Elinore', 'Di Pietro', '26 Brentwood Avenue', '6107461776', 5);

INSERT INTO KLIENT (ID_KL, IMIE, NAZWISKO, ADRES_KL, TELEFON_KL, ID_DZ) 
VALUES (74, 'Bride', 'Bleas', '9 Birchwood Way', '5722342228', 7);

INSERT INTO KLIENT (ID_KL, IMIE, NAZWISKO, ADRES_KL, TELEFON_KL, ID_DZ) 
VALUES (75, 'Yvon', 'Gero', '8 Old Gate Plaza', '5874763172', 4);

INSERT INTO KLIENT (ID_KL, IMIE, NAZWISKO, ADRES_KL, TELEFON_KL, ID_DZ) 
VALUES (76, 'Lewes', 'Theriot', '428 Valley Edge Place', '7534002295', 1);

INSERT INTO KLIENT (ID_KL, IMIE, NAZWISKO, ADRES_KL, TELEFON_KL, ID_DZ) 
VALUES (77, 'Dawna', 'Drinkale', '3041 Debs Plaza', '1115976926', 16);

INSERT INTO KLIENT (ID_KL, IMIE, NAZWISKO, ADRES_KL, TELEFON_KL, ID_DZ) 
VALUES (78, 'Roman', 'Kinze', '94239 Mallard Terrace', '5228549786', 14);

INSERT INTO KLIENT (ID_KL, IMIE, NAZWISKO, ADRES_KL, TELEFON_KL, ID_DZ) 
VALUES (79, 'Marven', 'Pedrocchi', '496 Almo Crossing', '8585832019', 2);

INSERT INTO KLIENT (ID_KL, IMIE, NAZWISKO, ADRES_KL, TELEFON_KL, ID_DZ) 
VALUES (80, 'Elberta', 'Kielt', '69 Rutledge Way', '5221523354', 9);

INSERT INTO KLIENT (ID_KL, IMIE, NAZWISKO, ADRES_KL, TELEFON_KL, ID_DZ) 
VALUES (81, 'Christabella', 'Fortnon', '1831 Texas Circle', '7292309908', 4);

INSERT INTO KLIENT (ID_KL, IMIE, NAZWISKO, ADRES_KL, TELEFON_KL, ID_DZ) 
VALUES (82, 'Stanly', 'Ashburner', '226 Kipling Terrace', '2389016039', 14);

INSERT INTO KLIENT (ID_KL, IMIE, NAZWISKO, ADRES_KL, TELEFON_KL, ID_DZ) 
VALUES (83, 'Maury', 'Moulds', '0 Pine View Plaza', '2914194069', 17);

INSERT INTO KLIENT (ID_KL, IMIE, NAZWISKO, ADRES_KL, TELEFON_KL, ID_DZ) 
VALUES (84, 'Kylie', 'Speer', '040 Sunfield Drive', '2246942699', 16);

INSERT INTO KLIENT (ID_KL, IMIE, NAZWISKO, ADRES_KL, TELEFON_KL, ID_DZ) 
VALUES (85, 'Neel', 'Sponder', '4 Steensland Alley', '7956538581', 18);

INSERT INTO KLIENT (ID_KL, IMIE, NAZWISKO, ADRES_KL, TELEFON_KL, ID_DZ) 
VALUES (86, 'Gunilla', 'Dougharty', '49655 Hollow Ridge Alley', '6307838968', 2);

INSERT INTO KLIENT (ID_KL, IMIE, NAZWISKO, ADRES_KL, TELEFON_KL, ID_DZ) 
VALUES (87, 'Sherline', 'Patmore', '4364 Merrick Pass', '7963146284', 1);

INSERT INTO KLIENT (ID_KL, IMIE, NAZWISKO, ADRES_KL, TELEFON_KL, ID_DZ) 
VALUES (88, 'Victor', 'Chessill', '641 Iowa Hill', '9179102621', 8);

INSERT INTO KLIENT (ID_KL, IMIE, NAZWISKO, ADRES_KL, TELEFON_KL, ID_DZ) 
VALUES (89, 'Alvie', 'Frangione', '7135 Homewood Lane', '1114992432', 18);

INSERT INTO KLIENT (ID_KL, IMIE, NAZWISKO, ADRES_KL, TELEFON_KL, ID_DZ) 
VALUES (90, 'Jorrie', 'Mosco', '2884 Eliot Parkway', '1597777130', 1);

INSERT INTO KLIENT (ID_KL, IMIE, NAZWISKO, ADRES_KL, TELEFON_KL, ID_DZ) 
VALUES (91, 'Forster', 'Ashlee', '34 Springs Junction', '5294465337', 3);

INSERT INTO KLIENT (ID_KL, IMIE, NAZWISKO, ADRES_KL, TELEFON_KL, ID_DZ) 
VALUES (92, 'Carling', 'Cuttin', '5 Norway Maple Pass', '2423810025', 14);

INSERT INTO KLIENT (ID_KL, IMIE, NAZWISKO, ADRES_KL, TELEFON_KL, ID_DZ) 
VALUES (93, 'Billi', 'Pikesley', '8489 Amoth Parkway', '9129693800', 15);

INSERT INTO KLIENT (ID_KL, IMIE, NAZWISKO, ADRES_KL, TELEFON_KL, ID_DZ) 
VALUES (94, 'Issi', 'Wahner', '0803 Russell Junction', '8344575234', 1);

INSERT INTO KLIENT (ID_KL, IMIE, NAZWISKO, ADRES_KL, TELEFON_KL, ID_DZ) 
VALUES (95, 'Anestassia', 'Demangel', '79 Fieldstone Avenue', '1423637708', 4);

INSERT INTO KLIENT (ID_KL, IMIE, NAZWISKO, ADRES_KL, TELEFON_KL, ID_DZ) 
VALUES (96, 'Xavier', 'Gidman', '786 Swallow Junction', '9624375958', 4);

INSERT INTO KLIENT (ID_KL, IMIE, NAZWISKO, ADRES_KL, TELEFON_KL, ID_DZ) 
VALUES (97, 'Luis', 'Goghin', '9 Scofield Court', '9652118596', 9);

INSERT INTO KLIENT (ID_KL, IMIE, NAZWISKO, ADRES_KL, TELEFON_KL, ID_DZ) 
VALUES (98, 'Myrle', 'Lamburn', '096 Arkansas Street', '1806579095', 12);

INSERT INTO KLIENT (ID_KL, IMIE, NAZWISKO, ADRES_KL, TELEFON_KL, ID_DZ) 
VALUES (99, 'Billi', 'Worge', '62 Annamark Road', '7496505780', 14);

INSERT INTO KLIENT (ID_KL, IMIE, NAZWISKO, ADRES_KL, TELEFON_KL, ID_DZ) 
VALUES (100, 'Luella', 'Winterson', '90288 Upham Park', '7333205068', 14);







SET DEFINE OFF

INSERT INTO SKLADNIK (ID_SKL, NAZWA_SKL, BIALKO, WEGLOWODANY, TLUSZCZE, KALORIE_NA_STO_GRAM) 
VALUES (1, 'chleb ¿ytni', 9, 48, 3.3, 259.1);

INSERT INTO SKLADNIK (ID_SKL, NAZWA_SKL, BIALKO, WEGLOWODANY, TLUSZCZE, KALORIE_NA_STO_GRAM) 
VALUES (2, 'chleb pszenny', 10.91, 47.51, 3.64, 266);

INSERT INTO SKLADNIK (ID_SKL, NAZWA_SKL, BIALKO, WEGLOWODANY, TLUSZCZE, KALORIE_NA_STO_GRAM) 
VALUES (3, 'wo³owina mielona', 25, 0.5, 14.5, 233);

INSERT INTO SKLADNIK (ID_SKL, NAZWA_SKL, BIALKO, WEGLOWODANY, TLUSZCZE, KALORIE_NA_STO_GRAM) 
VALUES (4, 'wo³owina chuda gotowana', 34.60, 0, 4.3, 182);

INSERT INTO SKLADNIK (ID_SKL, NAZWA_SKL, BIALKO, WEGLOWODANY, TLUSZCZE, KALORIE_NA_STO_GRAM) 
VALUES (5, 'wo³owina prosciutto', 26, 0.6, 3, 133);

INSERT INTO SKLADNIK (ID_SKL, NAZWA_SKL, BIALKO, WEGLOWODANY, TLUSZCZE, KALORIE_NA_STO_GRAM) 
VALUES (6, 'wo³owina dojrzewaj¹ca', 30, 2, 3, 155);

INSERT INTO SKLADNIK (ID_SKL, NAZWA_SKL, BIALKO, WEGLOWODANY, TLUSZCZE, KALORIE_NA_STO_GRAM) 
VALUES (7, 'kurczak', 21, 0, 1.5, 100);

INSERT INTO SKLADNIK (ID_SKL, NAZWA_SKL, BIALKO, WEGLOWODANY, TLUSZCZE, KALORIE_NA_STO_GRAM) 
VALUES (8, 'kurczak strips', 15.8, 20.3, 10.4, 240);

INSERT INTO SKLADNIK (ID_SKL, NAZWA_SKL, BIALKO, WEGLOWODANY, TLUSZCZE, KALORIE_NA_STO_GRAM) 
VALUES (9, 'wieprzowina schab', 20.3, 0, 10, 171);

INSERT INTO SKLADNIK (ID_SKL, NAZWA_SKL, BIALKO, WEGLOWODANY, TLUSZCZE, KALORIE_NA_STO_GRAM) 
VALUES (10, 'wieprzowina karkówka', 16.5, 0, 23.2, 272);

INSERT INTO SKLADNIK (ID_SKL, NAZWA_SKL, BIALKO, WEGLOWODANY, TLUSZCZE, KALORIE_NA_STO_GRAM) 
VALUES (11, 'bekon', 16.5, 0.1, 2.8, 92);

INSERT INTO SKLADNIK (ID_SKL, NAZWA_SKL, BIALKO, WEGLOWODANY, TLUSZCZE, KALORIE_NA_STO_GRAM) 
VALUES (12, 'baranina', 21.5, 0.5, 20, 269);

INSERT INTO SKLADNIK (ID_SKL, NAZWA_SKL, BIALKO, WEGLOWODANY, TLUSZCZE, KALORIE_NA_STO_GRAM) 
VALUES (13, 'dziczyzna', 26, 1, 12, 304);

INSERT INTO SKLADNIK (ID_SKL, NAZWA_SKL, BIALKO, WEGLOWODANY, TLUSZCZE, KALORIE_NA_STO_GRAM) 
VALUES (14, 'mleko', 3.2, 4.9, 0.5, 37);

INSERT INTO SKLADNIK (ID_SKL, NAZWA_SKL, BIALKO, WEGLOWODANY, TLUSZCZE, KALORIE_NA_STO_GRAM) 
VALUES (15, 'ser aldamer', 26, 1.5, 27, 355);

INSERT INTO SKLADNIK (ID_SKL, NAZWA_SKL, BIALKO, WEGLOWODANY, TLUSZCZE, KALORIE_NA_STO_GRAM) 
VALUES (16, 'ser babuni', 26, 1.3, 26, 343);

INSERT INTO SKLADNIK (ID_SKL, NAZWA_SKL, BIALKO, WEGLOWODANY, TLUSZCZE, KALORIE_NA_STO_GRAM) 
VALUES (17, 'mozzarella', 17.5, 0.8, 17, 228);

INSERT INTO SKLADNIK (ID_SKL, NAZWA_SKL, BIALKO, WEGLOWODANY, TLUSZCZE, KALORIE_NA_STO_GRAM) 
VALUES (18, 'jajko', 12.6, 1.1, 10.6, 155);

INSERT INTO SKLADNIK (ID_SKL, NAZWA_SKL, BIALKO, WEGLOWODANY, TLUSZCZE, KALORIE_NA_STO_GRAM) 
VALUES (19, 'pomidor', 0.9, 3.6, 0.2, 15);

INSERT INTO SKLADNIK (ID_SKL, NAZWA_SKL, BIALKO, WEGLOWODANY, TLUSZCZE, KALORIE_NA_STO_GRAM) 
VALUES (20, 'papryka', 1.7, 4.1, 0.4, 32);

INSERT INTO SKLADNIK (ID_SKL, NAZWA_SKL, BIALKO, WEGLOWODANY, TLUSZCZE, KALORIE_NA_STO_GRAM) 
VALUES (21, 'ogórek', 0.7, 3.1, 0.1, 16);

INSERT INTO SKLADNIK (ID_SKL, NAZWA_SKL, BIALKO, WEGLOWODANY, TLUSZCZE, KALORIE_NA_STO_GRAM) 
VALUES (22, 'jarmu¿', 1.9, 3.6, 0.4, 30);

INSERT INTO SKLADNIK (ID_SKL, NAZWA_SKL, BIALKO, WEGLOWODANY, TLUSZCZE, KALORIE_NA_STO_GRAM) 
VALUES (23, 'cukinia', 0.6, 4, 0.1, 16);

INSERT INTO SKLADNIK (ID_SKL, NAZWA_SKL, BIALKO, WEGLOWODANY, TLUSZCZE, KALORIE_NA_STO_GRAM) 
VALUES (24, 'rukola', 2.6, 3.7, 0.7, 34);

INSERT INTO SKLADNIK (ID_SKL, NAZWA_SKL, BIALKO, WEGLOWODANY, TLUSZCZE, KALORIE_NA_STO_GRAM) 
VALUES (25, 'bak³a¿an', 1, 4, 0.2, 22);

INSERT INTO SKLADNIK (ID_SKL, NAZWA_SKL, BIALKO, WEGLOWODANY, TLUSZCZE, KALORIE_NA_STO_GRAM) 
VALUES (26, 'ziemniaki', 2, 16.8, 0.1, 80);

INSERT INTO SKLADNIK (ID_SKL, NAZWA_SKL, BIALKO, WEGLOWODANY, TLUSZCZE, KALORIE_NA_STO_GRAM) 
VALUES (27, 'bataty', 1, 18, 0, 76);

INSERT INTO SKLADNIK (ID_SKL, NAZWA_SKL, BIALKO, WEGLOWODANY, TLUSZCZE, KALORIE_NA_STO_GRAM) 
VALUES (28, 'maliny', 1.2, 5, 0.25, 28);

INSERT INTO SKLADNIK (ID_SKL, NAZWA_SKL, BIALKO, WEGLOWODANY, TLUSZCZE, KALORIE_NA_STO_GRAM) 
VALUES (29, 'jagody', 0.6, 12.2, 0.6, 45);

INSERT INTO SKLADNIK (ID_SKL, NAZWA_SKL, BIALKO, WEGLOWODANY, TLUSZCZE, KALORIE_NA_STO_GRAM) 
VALUES (30, 'makaron œwiderek', 13.4, 74.5, 2.2, 371);

INSERT INTO SKLADNIK (ID_SKL, NAZWA_SKL, BIALKO, WEGLOWODANY, TLUSZCZE, KALORIE_NA_STO_GRAM) 
VALUES (31, 'makaron durum', 15, 70, 1.6, 358);

INSERT INTO SKLADNIK (ID_SKL, NAZWA_SKL, BIALKO, WEGLOWODANY, TLUSZCZE, KALORIE_NA_STO_GRAM) 
VALUES (32, '³osoœ', 24, 0, 13, 213);

INSERT INTO SKLADNIK (ID_SKL, NAZWA_SKL, BIALKO, WEGLOWODANY, TLUSZCZE, KALORIE_NA_STO_GRAM) 
VALUES (33, 'dorsz', 17.8, 0, 0.4, 82);

INSERT INTO SKLADNIK (ID_SKL, NAZWA_SKL, BIALKO, WEGLOWODANY, TLUSZCZE, KALORIE_NA_STO_GRAM) 
VALUES (34, 'morszczuk', 17.2, 0, 2.2, 89);

INSERT INTO SKLADNIK (ID_SKL, NAZWA_SKL, BIALKO, WEGLOWODANY, TLUSZCZE, KALORIE_NA_STO_GRAM) 
VALUES (35, 'kawa', 0.1, 0.3, 0, 2);

INSERT INTO SKLADNIK (ID_SKL, NAZWA_SKL, BIALKO, WEGLOWODANY, TLUSZCZE, KALORIE_NA_STO_GRAM) 
VALUES (36, 'herbata', 0.1, 0, 0, 1);

INSERT INTO SKLADNIK (ID_SKL, NAZWA_SKL, BIALKO, WEGLOWODANY, TLUSZCZE, KALORIE_NA_STO_GRAM) 
VALUES (37, 'coca cola', 0, 10.6, 0, 43);

INSERT INTO SKLADNIK (ID_SKL, NAZWA_SKL, BIALKO, WEGLOWODANY, TLUSZCZE, KALORIE_NA_STO_GRAM) 
VALUES (38, 'piwo 0%', 0.5, 5.6, 0, 28);





SET DEFINE OFF

INSERT INTO SPOSOB_PLATNOSCI (ID_PLAT, NAZWA_PLAT) 
VALUES (1, 'Przy odbiorze gotówk¹');

INSERT INTO SPOSOB_PLATNOSCI (ID_PLAT, NAZWA_PLAT) 
VALUES (2, 'Przy odbiorze kart¹');

INSERT INTO SPOSOB_PLATNOSCI (ID_PLAT, NAZWA_PLAT) 
VALUES (3, 'Przy odbiorze kuponem');

INSERT INTO SPOSOB_PLATNOSCI (ID_PLAT, NAZWA_PLAT) 
VALUES (4, 'Przy odbiorze blikiem');

INSERT INTO SPOSOB_PLATNOSCI (ID_PLAT, NAZWA_PLAT) 
VALUES (5, 'Przez internet przelewy24');

INSERT INTO SPOSOB_PLATNOSCI (ID_PLAT, NAZWA_PLAT) 
VALUES (6, 'Przez internet PayPal');

INSERT INTO SPOSOB_PLATNOSCI (ID_PLAT, NAZWA_PLAT) 
VALUES (7, 'Przez internet Dotpay');

INSERT INTO SPOSOB_PLATNOSCI (ID_PLAT, NAZWA_PLAT) 
VALUES (8, 'Przez internet blikiem');

INSERT INTO SPOSOB_PLATNOSCI (ID_PLAT, NAZWA_PLAT) 
VALUES (9, 'Przez internet Bitcoin');




SET DEFINE OFF

INSERT INTO RESTAURACJA (ID_RES, NAZWA_RES, OPIS_RES, ADRES_RES, TELEFON_RES) 
VALUES (1, 'Pizzeria Hummus', '', 'Marsza³kowska 34C', '672406912');

INSERT INTO RESTAURACJA (ID_RES, NAZWA_RES, OPIS_RES, ADRES_RES, TELEFON_RES) 
VALUES (2, 'Obiady domowe u Zosi', 'Zapraszamy na pyszne polskie potrawy w bardzo atrakcyjnych cenach. Codziennie inne danie dnia.', 'Miêdzyborska 62/64', '221290327');

INSERT INTO RESTAURACJA (ID_RES, NAZWA_RES, OPIS_RES, ADRES_RES, TELEFON_RES) 
VALUES (3, 'WegeMANIA', 'Zapraszamy wszystkich spragnionych dobrych warzyw!', 'Góralska 34', '672991235');

INSERT INTO RESTAURACJA (ID_RES, NAZWA_RES, OPIS_RES, ADRES_RES, TELEFON_RES) 
VALUES (4, 'Kebab ALIF', 'Dowóz na terenie ca³ego miasta', 'Dworcowa 1', '560127316');

INSERT INTO RESTAURACJA (ID_RES, NAZWA_RES, OPIS_RES, ADRES_RES, TELEFON_RES) 
VALUES (5, 'Big Johny Pizza&Pasta', 'Tylko najlepsze sk³adniki!', 'Senatorska 12', '221315289');

INSERT INTO RESTAURACJA (ID_RES, NAZWA_RES, OPIS_RES, ADRES_RES, TELEFON_RES) 
VALUES (6, 'Fast food Quickie', 'Du¿e brzuchy i cholesterol!!!', 'Batorego 34C', '723158301');

INSERT INTO RESTAURACJA (ID_RES, NAZWA_RES, OPIS_RES, ADRES_RES, TELEFON_RES) 
VALUES (7, 'Sushi Cul', 'Najlepsze maki w mieœcie!', 'Wolska 135/137', '623896723');

INSERT INTO RESTAURACJA (ID_RES, NAZWA_RES, OPIS_RES, ADRES_RES, TELEFON_RES) 
VALUES (8, 'Burgerownia Bamboleo', '', 'Grochowska 72', '612956213');

INSERT INTO RESTAURACJA (ID_RES, NAZWA_RES, OPIS_RES, ADRES_RES, TELEFON_RES) 
VALUES (9, 'Kuruhary Oriental', 'Dania kuchni indyjskiej', 'Atomowa 10/12', '812541123');

INSERT INTO RESTAURACJA (ID_RES, NAZWA_RES, OPIS_RES, ADRES_RES, TELEFON_RES) 
VALUES (10, 'Ukrainian Cousine', '', 'Poniatowskiego 49', '571641749');

INSERT INTO RESTAURACJA (ID_RES, NAZWA_RES, OPIS_RES, ADRES_RES, TELEFON_RES) 
VALUES (11, 'Kuchnie œwiata', 'Wyselekcjonowane dania z najlepszych kuchni œwiata!', 'Fortlandzka 83E', '221341241');





SET DEFINE OFF

INSERT INTO KAT_RES (ID_RES, ID_KAT_RES) 
VALUES (1, 1);

INSERT INTO KAT_RES (ID_RES, ID_KAT_RES) 
VALUES (2, 2);

INSERT INTO KAT_RES (ID_RES, ID_KAT_RES) 
VALUES (2, 8);

INSERT INTO KAT_RES (ID_RES, ID_KAT_RES) 
VALUES (3, 10);

INSERT INTO KAT_RES (ID_RES, ID_KAT_RES) 
VALUES (4, 3);

INSERT INTO KAT_RES (ID_RES, ID_KAT_RES) 
VALUES (5, 1);

INSERT INTO KAT_RES (ID_RES, ID_KAT_RES) 
VALUES (5, 10);

INSERT INTO KAT_RES (ID_RES, ID_KAT_RES) 
VALUES (6, 7);

INSERT INTO KAT_RES (ID_RES, ID_KAT_RES) 
VALUES (6, 9);

INSERT INTO KAT_RES (ID_RES, ID_KAT_RES) 
VALUES (7, 5);

INSERT INTO KAT_RES (ID_RES, ID_KAT_RES) 
VALUES (7, 6);

INSERT INTO KAT_RES (ID_RES, ID_KAT_RES) 
VALUES (8, 7);

INSERT INTO KAT_RES (ID_RES, ID_KAT_RES) 
VALUES (9, 4);

INSERT INTO KAT_RES (ID_RES, ID_KAT_RES) 
VALUES (9, 5);

INSERT INTO KAT_RES (ID_RES, ID_KAT_RES) 
VALUES (10, 8);

INSERT INTO KAT_RES (ID_RES, ID_KAT_RES) 
VALUES (11, 1);

INSERT INTO KAT_RES (ID_RES, ID_KAT_RES) 
VALUES (11, 5);

INSERT INTO KAT_RES (ID_RES, ID_KAT_RES) 
VALUES (11, 7);

INSERT INTO KAT_RES (ID_RES, ID_KAT_RES) 
VALUES (11, 8);

INSERT INTO KAT_RES (ID_RES, ID_KAT_RES) 
VALUES (11, 9);

INSERT INTO KAT_RES (ID_RES, ID_KAT_RES) 
VALUES (11, 10);




SET DEFINE OFF

INSERT INTO REST_DZIEL (ID_RES, ID_DZ) 
VALUES (1, 1);

INSERT INTO REST_DZIEL (ID_RES, ID_DZ) 
VALUES (1, 2);

INSERT INTO REST_DZIEL (ID_RES, ID_DZ) 
VALUES (1, 4);

INSERT INTO REST_DZIEL (ID_RES, ID_DZ) 
VALUES (1, 9);

INSERT INTO REST_DZIEL (ID_RES, ID_DZ) 
VALUES (1, 10);

INSERT INTO REST_DZIEL (ID_RES, ID_DZ) 
VALUES (1, 14);

INSERT INTO REST_DZIEL (ID_RES, ID_DZ) 
VALUES (2, 2);

INSERT INTO REST_DZIEL (ID_RES, ID_DZ) 
VALUES (2, 17);

INSERT INTO REST_DZIEL (ID_RES, ID_DZ) 
VALUES (2, 9);

INSERT INTO REST_DZIEL (ID_RES, ID_DZ) 
VALUES (2, 12);

INSERT INTO REST_DZIEL (ID_RES, ID_DZ) 
VALUES (3, 1);

INSERT INTO REST_DZIEL (ID_RES, ID_DZ) 
VALUES (3, 3);

INSERT INTO REST_DZIEL (ID_RES, ID_DZ) 
VALUES (3, 10);

INSERT INTO REST_DZIEL (ID_RES, ID_DZ) 
VALUES (3, 9);

INSERT INTO REST_DZIEL (ID_RES, ID_DZ) 
VALUES (3, 13);

INSERT INTO REST_DZIEL (ID_RES, ID_DZ) 
VALUES (3, 15);

INSERT INTO REST_DZIEL (ID_RES, ID_DZ) 
VALUES (3, 16);

INSERT INTO REST_DZIEL (ID_RES, ID_DZ) 
VALUES (3, 18);

INSERT INTO REST_DZIEL (ID_RES, ID_DZ) 
VALUES (4, 1);

INSERT INTO REST_DZIEL (ID_RES, ID_DZ) 
VALUES (4, 2);

INSERT INTO REST_DZIEL (ID_RES, ID_DZ) 
VALUES (4, 3);

INSERT INTO REST_DZIEL (ID_RES, ID_DZ) 
VALUES (4, 4);

INSERT INTO REST_DZIEL (ID_RES, ID_DZ) 
VALUES (4, 5);

INSERT INTO REST_DZIEL (ID_RES, ID_DZ) 
VALUES (4, 6);

INSERT INTO REST_DZIEL (ID_RES, ID_DZ) 
VALUES (4, 7);

INSERT INTO REST_DZIEL (ID_RES, ID_DZ) 
VALUES (4, 8);

INSERT INTO REST_DZIEL (ID_RES, ID_DZ) 
VALUES (4, 9);

INSERT INTO REST_DZIEL (ID_RES, ID_DZ) 
VALUES (4, 10);

INSERT INTO REST_DZIEL (ID_RES, ID_DZ) 
VALUES (4, 11);

INSERT INTO REST_DZIEL (ID_RES, ID_DZ) 
VALUES (4, 12);

INSERT INTO REST_DZIEL (ID_RES, ID_DZ) 
VALUES (4, 13);

INSERT INTO REST_DZIEL (ID_RES, ID_DZ) 
VALUES (4, 14);

INSERT INTO REST_DZIEL (ID_RES, ID_DZ) 
VALUES (4, 15);

INSERT INTO REST_DZIEL (ID_RES, ID_DZ) 
VALUES (4, 16);

INSERT INTO REST_DZIEL (ID_RES, ID_DZ) 
VALUES (4, 17);

INSERT INTO REST_DZIEL (ID_RES, ID_DZ) 
VALUES (4, 18);

INSERT INTO REST_DZIEL (ID_RES, ID_DZ) 
VALUES (5, 1);

INSERT INTO REST_DZIEL (ID_RES, ID_DZ) 
VALUES (5, 2);

INSERT INTO REST_DZIEL (ID_RES, ID_DZ) 
VALUES (5, 9);

INSERT INTO REST_DZIEL (ID_RES, ID_DZ) 
VALUES (5, 13);

INSERT INTO REST_DZIEL (ID_RES, ID_DZ) 
VALUES (5, 17);

INSERT INTO REST_DZIEL (ID_RES, ID_DZ) 
VALUES (6, 1);

INSERT INTO REST_DZIEL (ID_RES, ID_DZ) 
VALUES (6, 2);

INSERT INTO REST_DZIEL (ID_RES, ID_DZ) 
VALUES (6, 3);

INSERT INTO REST_DZIEL (ID_RES, ID_DZ) 
VALUES (6, 4);

INSERT INTO REST_DZIEL (ID_RES, ID_DZ) 
VALUES (6, 5);

INSERT INTO REST_DZIEL (ID_RES, ID_DZ) 
VALUES (6, 6);

INSERT INTO REST_DZIEL (ID_RES, ID_DZ) 
VALUES (6, 7);

INSERT INTO REST_DZIEL (ID_RES, ID_DZ) 
VALUES (6, 8);

INSERT INTO REST_DZIEL (ID_RES, ID_DZ) 
VALUES (6, 9);

INSERT INTO REST_DZIEL (ID_RES, ID_DZ) 
VALUES (6, 10);

INSERT INTO REST_DZIEL (ID_RES, ID_DZ) 
VALUES (6, 11);

INSERT INTO REST_DZIEL (ID_RES, ID_DZ) 
VALUES (6, 12);

INSERT INTO REST_DZIEL (ID_RES, ID_DZ) 
VALUES (6, 13);

INSERT INTO REST_DZIEL (ID_RES, ID_DZ) 
VALUES (6, 14);

INSERT INTO REST_DZIEL (ID_RES, ID_DZ) 
VALUES (6, 15);

INSERT INTO REST_DZIEL (ID_RES, ID_DZ) 
VALUES (6, 16);

INSERT INTO REST_DZIEL (ID_RES, ID_DZ) 
VALUES (6, 17);

INSERT INTO REST_DZIEL (ID_RES, ID_DZ) 
VALUES (6, 18);

INSERT INTO REST_DZIEL (ID_RES, ID_DZ) 
VALUES (7, 4);

INSERT INTO REST_DZIEL (ID_RES, ID_DZ) 
VALUES (8, 2);

INSERT INTO REST_DZIEL (ID_RES, ID_DZ) 
VALUES (8, 12);

INSERT INTO REST_DZIEL (ID_RES, ID_DZ) 
VALUES (8, 17);

INSERT INTO REST_DZIEL (ID_RES, ID_DZ) 
VALUES (8, 18);

INSERT INTO REST_DZIEL (ID_RES, ID_DZ) 
VALUES (8, 9);

INSERT INTO REST_DZIEL (ID_RES, ID_DZ) 
VALUES (8, 6);

INSERT INTO REST_DZIEL (ID_RES, ID_DZ) 
VALUES (9, 1);

INSERT INTO REST_DZIEL (ID_RES, ID_DZ) 
VALUES (9, 3);

INSERT INTO REST_DZIEL (ID_RES, ID_DZ) 
VALUES (9, 5);

INSERT INTO REST_DZIEL (ID_RES, ID_DZ) 
VALUES (9, 7);

INSERT INTO REST_DZIEL (ID_RES, ID_DZ) 
VALUES (9, 9);

INSERT INTO REST_DZIEL (ID_RES, ID_DZ) 
VALUES (9, 11);

INSERT INTO REST_DZIEL (ID_RES, ID_DZ) 
VALUES (9, 13);

INSERT INTO REST_DZIEL (ID_RES, ID_DZ) 
VALUES (9, 15);

INSERT INTO REST_DZIEL (ID_RES, ID_DZ) 
VALUES (9, 17);

INSERT INTO REST_DZIEL (ID_RES, ID_DZ) 
VALUES (10, 2);

INSERT INTO REST_DZIEL (ID_RES, ID_DZ) 
VALUES (10, 4);

INSERT INTO REST_DZIEL (ID_RES, ID_DZ) 
VALUES (10, 6);

INSERT INTO REST_DZIEL (ID_RES, ID_DZ) 
VALUES (10, 8);

INSERT INTO REST_DZIEL (ID_RES, ID_DZ) 
VALUES (10, 10);

INSERT INTO REST_DZIEL (ID_RES, ID_DZ) 
VALUES (10, 12);

INSERT INTO REST_DZIEL (ID_RES, ID_DZ) 
VALUES (10, 14);

INSERT INTO REST_DZIEL (ID_RES, ID_DZ) 
VALUES (10, 16);

INSERT INTO REST_DZIEL (ID_RES, ID_DZ) 
VALUES (10, 18);

INSERT INTO REST_DZIEL (ID_RES, ID_DZ) 
VALUES (11, 5);

INSERT INTO REST_DZIEL (ID_RES, ID_DZ) 
VALUES (11, 7);

INSERT INTO REST_DZIEL (ID_RES, ID_DZ) 
VALUES (11, 8);

INSERT INTO REST_DZIEL (ID_RES, ID_DZ) 
VALUES (11, 11);

INSERT INTO REST_DZIEL (ID_RES, ID_DZ) 
VALUES (11, 13);

INSERT INTO REST_DZIEL (ID_RES, ID_DZ) 
VALUES (11, 15);

INSERT INTO REST_DZIEL (ID_RES, ID_DZ) 
VALUES (11, 16);





SET DEFINE OFF

INSERT INTO OCENA (ID_OC, OCENA, OPIS_OC, ID_RES, ID_KL) 
VALUES (1, 5, 'Polecam!', 1, 1);

INSERT INTO OCENA (ID_OC, OCENA, OPIS_OC, ID_RES, ID_KL) 
VALUES (2, 4, '', 1, 2);

INSERT INTO OCENA (ID_OC, OCENA, OPIS_OC, ID_RES, ID_KL) 
VALUES (3, 2, 'Œrednio. Jedzenie nie œwie¿e.', 1, 3);

INSERT INTO OCENA (ID_OC, OCENA, OPIS_OC, ID_RES, ID_KL) 
VALUES (4, 3, '', 1, 4);

INSERT INTO OCENA (ID_OC, OCENA, OPIS_OC, ID_RES, ID_KL) 
VALUES (5, 5, 'Pani Zosia to wspania³a kobieta. Jedzenie pycha!', 2, 5);

INSERT INTO OCENA (ID_OC, OCENA, OPIS_OC, ID_RES, ID_KL) 
VALUES (6, 4, '', 3, 6);

INSERT INTO OCENA (ID_OC, OCENA, OPIS_OC, ID_RES, ID_KL) 
VALUES (7, 5, '', 3, 7);

INSERT INTO OCENA (ID_OC, OCENA, OPIS_OC, ID_RES, ID_KL) 
VALUES (8, 5, 'Najlepsza knajpa dla wegetarian w mieœcie!', 3, 8);

INSERT INTO OCENA (ID_OC, OCENA, OPIS_OC, ID_RES, ID_KL) 
VALUES (9, 1, '', 4, 9);

INSERT INTO OCENA (ID_OC, OCENA, OPIS_OC, ID_RES, ID_KL) 
VALUES (10, 2, '', 4, 10);

INSERT INTO OCENA (ID_OC, OCENA, OPIS_OC, ID_RES, ID_KL) 
VALUES (11, 2, '', 4, 11);

INSERT INTO OCENA (ID_OC, OCENA, OPIS_OC, ID_RES, ID_KL) 
VALUES (12, 3, '', 4, 12);

INSERT INTO OCENA (ID_OC, OCENA, OPIS_OC, ID_RES, ID_KL) 
VALUES (13, 1, 'Najgorszy kebab jaki jadlam. Znajomy mowil ze maja mieso z kota...', 4, 13);

INSERT INTO OCENA (ID_OC, OCENA, OPIS_OC, ID_RES, ID_KL) 
VALUES (14, 5, '', 5, 14);

INSERT INTO OCENA (ID_OC, OCENA, OPIS_OC, ID_RES, ID_KL) 
VALUES (15, 5, '', 5, 15);

INSERT INTO OCENA (ID_OC, OCENA, OPIS_OC, ID_RES, ID_KL) 
VALUES (16, 5, 'Pycha', 5, 16);

INSERT INTO OCENA (ID_OC, OCENA, OPIS_OC, ID_RES, ID_KL) 
VALUES (17, 5, '', 5, 17);

INSERT INTO OCENA (ID_OC, OCENA, OPIS_OC, ID_RES, ID_KL) 
VALUES (18, 4, '', 5, 18);

INSERT INTO OCENA (ID_OC, OCENA, OPIS_OC, ID_RES, ID_KL) 
VALUES (19, 5, 'Moj ulub fastfood', 6, 19);

INSERT INTO OCENA (ID_OC, OCENA, OPIS_OC, ID_RES, ID_KL) 
VALUES (20, 1, 'Jadlam tam 10 lat i trafilam na SOR', 6, 20);

INSERT INTO OCENA (ID_OC, OCENA, OPIS_OC, ID_RES, ID_KL) 
VALUES (21, 4, '', 6, 21);

INSERT INTO OCENA (ID_OC, OCENA, OPIS_OC, ID_RES, ID_KL) 
VALUES (22, 5, 'Polecam', 6, 22);

INSERT INTO OCENA (ID_OC, OCENA, OPIS_OC, ID_RES, ID_KL) 
VALUES (23, 5, '', 7, 23);

INSERT INTO OCENA (ID_OC, OCENA, OPIS_OC, ID_RES, ID_KL) 
VALUES (24, 5, '', 7, 24);

INSERT INTO OCENA (ID_OC, OCENA, OPIS_OC, ID_RES, ID_KL) 
VALUES (25, 3, 'Spoko ale lepsze maki mam 200m dalej na gorczewskiej', 7, 25);

INSERT INTO OCENA (ID_OC, OCENA, OPIS_OC, ID_RES, ID_KL) 
VALUES (26, 4, '', 7, 26);

INSERT INTO OCENA (ID_OC, OCENA, OPIS_OC, ID_RES, ID_KL) 
VALUES (27, 3, '', 8, 27);

INSERT INTO OCENA (ID_OC, OCENA, OPIS_OC, ID_RES, ID_KL) 
VALUES (28, 5, 'Polecam', 8, 28);

INSERT INTO OCENA (ID_OC, OCENA, OPIS_OC, ID_RES, ID_KL) 
VALUES (29, 5, 'Dobry indol', 9, 29);

INSERT INTO OCENA (ID_OC, OCENA, OPIS_OC, ID_RES, ID_KL) 
VALUES (30, 5, 'Polecam', 9, 30);

INSERT INTO OCENA (ID_OC, OCENA, OPIS_OC, ID_RES, ID_KL) 
VALUES (31, 4, '', 9, 31);

INSERT INTO OCENA (ID_OC, OCENA, OPIS_OC, ID_RES, ID_KL) 
VALUES (32, 3, 'Moze byc', 11, 32);

INSERT INTO OCENA (ID_OC, OCENA, OPIS_OC, ID_RES, ID_KL) 
VALUES (33, 2, 'Maja wszystko niby a tak naprawde nie maja nic', 11, 33);

INSERT INTO OCENA (ID_OC, OCENA, OPIS_OC, ID_RES, ID_KL) 
VALUES (34, 4, 'Jedzenie dobre ale dostawca ZENADA', 11, 34);

INSERT INTO OCENA (ID_OC, OCENA, OPIS_OC, ID_RES, ID_KL) 
VALUES (35, 1, '', 11, 35);

INSERT INTO OCENA (ID_OC, OCENA, OPIS_OC, ID_RES, ID_KL) 
VALUES (36, 4, '', 11, 36);








SET DEFINE OFF

INSERT INTO ZAMOWIENIE (ID_ZAM, DATA_ZAM, ID_KL, ID_RES, ID_PLAT) 
VALUES (1, to_date('2021/01/01', 'RRRR-MM-DD'), 1, 1, 1);

INSERT INTO ZAMOWIENIE (ID_ZAM, DATA_ZAM, ID_KL, ID_RES, ID_PLAT) 
VALUES (2, to_date('2021/01/02', 'RRRR-MM-DD'), 2, 1, 2);

INSERT INTO ZAMOWIENIE (ID_ZAM, DATA_ZAM, ID_KL, ID_RES, ID_PLAT) 
VALUES (3, to_date('2021/01/03', 'RRRR-MM-DD'), 3, 1, 2);

INSERT INTO ZAMOWIENIE (ID_ZAM, DATA_ZAM, ID_KL, ID_RES, ID_PLAT) 
VALUES (4, to_date('2021/01/04', 'RRRR-MM-DD'), 4, 1, 5);

INSERT INTO ZAMOWIENIE (ID_ZAM, DATA_ZAM, ID_KL, ID_RES, ID_PLAT) 
VALUES (5, to_date('2021/01/05', 'RRRR-MM-DD'), 5, 1, 5);

INSERT INTO ZAMOWIENIE (ID_ZAM, DATA_ZAM, ID_KL, ID_RES, ID_PLAT) 
VALUES (6, to_date('2021/01/06', 'RRRR-MM-DD'), 6, 1, 5);

INSERT INTO ZAMOWIENIE (ID_ZAM, DATA_ZAM, ID_KL, ID_RES, ID_PLAT) 
VALUES (7, to_date('2021/01/07', 'RRRR-MM-DD'), 7, 1, 2);

INSERT INTO ZAMOWIENIE (ID_ZAM, DATA_ZAM, ID_KL, ID_RES, ID_PLAT) 
VALUES (8, to_date('2021/01/08', 'RRRR-MM-DD'), 8, 1, 7);

INSERT INTO ZAMOWIENIE (ID_ZAM, DATA_ZAM, ID_KL, ID_RES, ID_PLAT) 
VALUES (9, to_date('2021/01/09', 'RRRR-MM-DD'), 9, 1, 6);

INSERT INTO ZAMOWIENIE (ID_ZAM, DATA_ZAM, ID_KL, ID_RES, ID_PLAT) 
VALUES (10, to_date('2021/01/10', 'RRRR-MM-DD'), 10, 2, 1);

INSERT INTO ZAMOWIENIE (ID_ZAM, DATA_ZAM, ID_KL, ID_RES, ID_PLAT) 
VALUES (11, to_date('2021/01/01', 'RRRR-MM-DD'), 11, 2, 1);

INSERT INTO ZAMOWIENIE (ID_ZAM, DATA_ZAM, ID_KL, ID_RES, ID_PLAT) 
VALUES (12, to_date('2021/01/02', 'RRRR-MM-DD'), 12, 2, 2);

INSERT INTO ZAMOWIENIE (ID_ZAM, DATA_ZAM, ID_KL, ID_RES, ID_PLAT) 
VALUES (13, to_date('2021/01/03', 'RRRR-MM-DD'), 13, 2, 2);

INSERT INTO ZAMOWIENIE (ID_ZAM, DATA_ZAM, ID_KL, ID_RES, ID_PLAT) 
VALUES (14, to_date('2021/01/04', 'RRRR-MM-DD'), 14, 2, 5);

INSERT INTO ZAMOWIENIE (ID_ZAM, DATA_ZAM, ID_KL, ID_RES, ID_PLAT) 
VALUES (15, to_date('2021/01/05', 'RRRR-MM-DD'), 15, 2, 5);

INSERT INTO ZAMOWIENIE (ID_ZAM, DATA_ZAM, ID_KL, ID_RES, ID_PLAT) 
VALUES (16, to_date('2021/01/06', 'RRRR-MM-DD'), 16, 2, 5);

INSERT INTO ZAMOWIENIE (ID_ZAM, DATA_ZAM, ID_KL, ID_RES, ID_PLAT) 
VALUES (17, to_date('2021/01/07', 'RRRR-MM-DD'), 17, 2, 2);

INSERT INTO ZAMOWIENIE (ID_ZAM, DATA_ZAM, ID_KL, ID_RES, ID_PLAT) 
VALUES (18, to_date('2021/01/08', 'RRRR-MM-DD'), 18, 2, 7);

INSERT INTO ZAMOWIENIE (ID_ZAM, DATA_ZAM, ID_KL, ID_RES, ID_PLAT) 
VALUES (19, to_date('2021/01/09', 'RRRR-MM-DD'), 19, 2, 6);

INSERT INTO ZAMOWIENIE (ID_ZAM, DATA_ZAM, ID_KL, ID_RES, ID_PLAT) 
VALUES (20, to_date('2021/01/10', 'RRRR-MM-DD'), 20, 2, 1);

INSERT INTO ZAMOWIENIE (ID_ZAM, DATA_ZAM, ID_KL, ID_RES, ID_PLAT) 
VALUES (21, to_date('2021/01/01', 'RRRR-MM-DD'), 21, 3, 1);

INSERT INTO ZAMOWIENIE (ID_ZAM, DATA_ZAM, ID_KL, ID_RES, ID_PLAT) 
VALUES (22, to_date('2021/01/02', 'RRRR-MM-DD'), 22, 3, 2);

INSERT INTO ZAMOWIENIE (ID_ZAM, DATA_ZAM, ID_KL, ID_RES, ID_PLAT) 
VALUES (23, to_date('2021/01/03', 'RRRR-MM-DD'), 23, 3, 2);

INSERT INTO ZAMOWIENIE (ID_ZAM, DATA_ZAM, ID_KL, ID_RES, ID_PLAT) 
VALUES (24, to_date('2021/01/04', 'RRRR-MM-DD'), 24, 3, 5);

INSERT INTO ZAMOWIENIE (ID_ZAM, DATA_ZAM, ID_KL, ID_RES, ID_PLAT) 
VALUES (25, to_date('2021/01/05', 'RRRR-MM-DD'), 25, 3, 5);

INSERT INTO ZAMOWIENIE (ID_ZAM, DATA_ZAM, ID_KL, ID_RES, ID_PLAT) 
VALUES (26, to_date('2021/01/06', 'RRRR-MM-DD'), 26, 3, 5);

INSERT INTO ZAMOWIENIE (ID_ZAM, DATA_ZAM, ID_KL, ID_RES, ID_PLAT) 
VALUES (27, to_date('2021/01/07', 'RRRR-MM-DD'), 27, 3, 2);

INSERT INTO ZAMOWIENIE (ID_ZAM, DATA_ZAM, ID_KL, ID_RES, ID_PLAT) 
VALUES (28, to_date('2021/01/08', 'RRRR-MM-DD'), 28, 3, 7);

INSERT INTO ZAMOWIENIE (ID_ZAM, DATA_ZAM, ID_KL, ID_RES, ID_PLAT) 
VALUES (29, to_date('2021/01/09', 'RRRR-MM-DD'), 29, 3, 6);

INSERT INTO ZAMOWIENIE (ID_ZAM, DATA_ZAM, ID_KL, ID_RES, ID_PLAT) 
VALUES (30, to_date('2021/01/10', 'RRRR-MM-DD'), 30, 3, 1);

INSERT INTO ZAMOWIENIE (ID_ZAM, DATA_ZAM, ID_KL, ID_RES, ID_PLAT) 
VALUES (31, to_date('2021/01/01', 'RRRR-MM-DD'), 31, 4, 1);

INSERT INTO ZAMOWIENIE (ID_ZAM, DATA_ZAM, ID_KL, ID_RES, ID_PLAT) 
VALUES (32, to_date('2021/01/02', 'RRRR-MM-DD'), 32, 4, 2);

INSERT INTO ZAMOWIENIE (ID_ZAM, DATA_ZAM, ID_KL, ID_RES, ID_PLAT) 
VALUES (33, to_date('2021/01/03', 'RRRR-MM-DD'), 33, 4, 2);

INSERT INTO ZAMOWIENIE (ID_ZAM, DATA_ZAM, ID_KL, ID_RES, ID_PLAT) 
VALUES (34, to_date('2021/01/04', 'RRRR-MM-DD'), 34, 4, 5);

INSERT INTO ZAMOWIENIE (ID_ZAM, DATA_ZAM, ID_KL, ID_RES, ID_PLAT) 
VALUES (35, to_date('2021/01/05', 'RRRR-MM-DD'), 35, 4, 5);

INSERT INTO ZAMOWIENIE (ID_ZAM, DATA_ZAM, ID_KL, ID_RES, ID_PLAT) 
VALUES (36, to_date('2021/01/06', 'RRRR-MM-DD'), 36, 4, 5);

INSERT INTO ZAMOWIENIE (ID_ZAM, DATA_ZAM, ID_KL, ID_RES, ID_PLAT) 
VALUES (37, to_date('2021/01/07', 'RRRR-MM-DD'), 37, 4, 2);

INSERT INTO ZAMOWIENIE (ID_ZAM, DATA_ZAM, ID_KL, ID_RES, ID_PLAT) 
VALUES (38, to_date('2021/01/08', 'RRRR-MM-DD'), 38, 4, 7);

INSERT INTO ZAMOWIENIE (ID_ZAM, DATA_ZAM, ID_KL, ID_RES, ID_PLAT) 
VALUES (39, to_date('2021/01/09', 'RRRR-MM-DD'), 39, 4, 6);

INSERT INTO ZAMOWIENIE (ID_ZAM, DATA_ZAM, ID_KL, ID_RES, ID_PLAT) 
VALUES (40, to_date('2021/01/10', 'RRRR-MM-DD'), 40, 5, 1);

INSERT INTO ZAMOWIENIE (ID_ZAM, DATA_ZAM, ID_KL, ID_RES, ID_PLAT) 
VALUES (41, to_date('2021/01/01', 'RRRR-MM-DD'), 41, 5, 1);

INSERT INTO ZAMOWIENIE (ID_ZAM, DATA_ZAM, ID_KL, ID_RES, ID_PLAT) 
VALUES (42, to_date('2021/01/02', 'RRRR-MM-DD'), 42, 5, 2);

INSERT INTO ZAMOWIENIE (ID_ZAM, DATA_ZAM, ID_KL, ID_RES, ID_PLAT) 
VALUES (43, to_date('2021/01/03', 'RRRR-MM-DD'), 43, 5, 2);

INSERT INTO ZAMOWIENIE (ID_ZAM, DATA_ZAM, ID_KL, ID_RES, ID_PLAT) 
VALUES (44, to_date('2021/01/04', 'RRRR-MM-DD'), 44, 5, 5);

INSERT INTO ZAMOWIENIE (ID_ZAM, DATA_ZAM, ID_KL, ID_RES, ID_PLAT) 
VALUES (45, to_date('2021/01/05', 'RRRR-MM-DD'), 45, 5, 5);

INSERT INTO ZAMOWIENIE (ID_ZAM, DATA_ZAM, ID_KL, ID_RES, ID_PLAT) 
VALUES (46, to_date('2021/01/06', 'RRRR-MM-DD'), 46, 5, 5);

INSERT INTO ZAMOWIENIE (ID_ZAM, DATA_ZAM, ID_KL, ID_RES, ID_PLAT) 
VALUES (47, to_date('2021/01/07', 'RRRR-MM-DD'), 47, 5, 2);

INSERT INTO ZAMOWIENIE (ID_ZAM, DATA_ZAM, ID_KL, ID_RES, ID_PLAT) 
VALUES (48, to_date('2021/01/08', 'RRRR-MM-DD'), 48, 5, 7);

INSERT INTO ZAMOWIENIE (ID_ZAM, DATA_ZAM, ID_KL, ID_RES, ID_PLAT) 
VALUES (49, to_date('2021/01/09', 'RRRR-MM-DD'), 49, 5, 6);

INSERT INTO ZAMOWIENIE (ID_ZAM, DATA_ZAM, ID_KL, ID_RES, ID_PLAT) 
VALUES (50, to_date('2021/01/10', 'RRRR-MM-DD'), 50, 5, 1);

INSERT INTO ZAMOWIENIE (ID_ZAM, DATA_ZAM, ID_KL, ID_RES, ID_PLAT) 
VALUES (51, to_date('2021/01/01', 'RRRR-MM-DD'), 51, 6, 1);

INSERT INTO ZAMOWIENIE (ID_ZAM, DATA_ZAM, ID_KL, ID_RES, ID_PLAT) 
VALUES (52, to_date('2021/01/02', 'RRRR-MM-DD'), 52, 6, 2);

INSERT INTO ZAMOWIENIE (ID_ZAM, DATA_ZAM, ID_KL, ID_RES, ID_PLAT) 
VALUES (53, to_date('2021/01/03', 'RRRR-MM-DD'), 53, 6, 2);

INSERT INTO ZAMOWIENIE (ID_ZAM, DATA_ZAM, ID_KL, ID_RES, ID_PLAT) 
VALUES (54, to_date('2021/01/04', 'RRRR-MM-DD'), 54, 6, 5);

INSERT INTO ZAMOWIENIE (ID_ZAM, DATA_ZAM, ID_KL, ID_RES, ID_PLAT) 
VALUES (55, to_date('2021/01/05', 'RRRR-MM-DD'), 55, 6, 5);

INSERT INTO ZAMOWIENIE (ID_ZAM, DATA_ZAM, ID_KL, ID_RES, ID_PLAT) 
VALUES (56, to_date('2021/01/06', 'RRRR-MM-DD'), 56, 6, 5);

INSERT INTO ZAMOWIENIE (ID_ZAM, DATA_ZAM, ID_KL, ID_RES, ID_PLAT) 
VALUES (57, to_date('2021/01/07', 'RRRR-MM-DD'), 57, 6, 2);

INSERT INTO ZAMOWIENIE (ID_ZAM, DATA_ZAM, ID_KL, ID_RES, ID_PLAT) 
VALUES (58, to_date('2021/01/08', 'RRRR-MM-DD'), 58, 6, 7);

INSERT INTO ZAMOWIENIE (ID_ZAM, DATA_ZAM, ID_KL, ID_RES, ID_PLAT) 
VALUES (59, to_date('2021/01/09', 'RRRR-MM-DD'), 59, 6, 6);

INSERT INTO ZAMOWIENIE (ID_ZAM, DATA_ZAM, ID_KL, ID_RES, ID_PLAT) 
VALUES (60, to_date('2021/01/10', 'RRRR-MM-DD'), 60, 6, 1);

INSERT INTO ZAMOWIENIE (ID_ZAM, DATA_ZAM, ID_KL, ID_RES, ID_PLAT) 
VALUES (61, to_date('2021/01/01', 'RRRR-MM-DD'), 61, 7, 1);

INSERT INTO ZAMOWIENIE (ID_ZAM, DATA_ZAM, ID_KL, ID_RES, ID_PLAT) 
VALUES (62, to_date('2021/01/02', 'RRRR-MM-DD'), 62, 7, 2);

INSERT INTO ZAMOWIENIE (ID_ZAM, DATA_ZAM, ID_KL, ID_RES, ID_PLAT) 
VALUES (63, to_date('2021/01/03', 'RRRR-MM-DD'), 63, 7, 2);

INSERT INTO ZAMOWIENIE (ID_ZAM, DATA_ZAM, ID_KL, ID_RES, ID_PLAT) 
VALUES (64, to_date('2021/01/04', 'RRRR-MM-DD'), 64, 7, 5);

INSERT INTO ZAMOWIENIE (ID_ZAM, DATA_ZAM, ID_KL, ID_RES, ID_PLAT) 
VALUES (65, to_date('2021/01/05', 'RRRR-MM-DD'), 65, 7, 5);

INSERT INTO ZAMOWIENIE (ID_ZAM, DATA_ZAM, ID_KL, ID_RES, ID_PLAT) 
VALUES (66, to_date('2021/01/06', 'RRRR-MM-DD'), 66, 7, 5);

INSERT INTO ZAMOWIENIE (ID_ZAM, DATA_ZAM, ID_KL, ID_RES, ID_PLAT) 
VALUES (67, to_date('2021/01/07', 'RRRR-MM-DD'), 67, 7, 2);

INSERT INTO ZAMOWIENIE (ID_ZAM, DATA_ZAM, ID_KL, ID_RES, ID_PLAT) 
VALUES (68, to_date('2021/01/08', 'RRRR-MM-DD'), 68, 7, 7);

INSERT INTO ZAMOWIENIE (ID_ZAM, DATA_ZAM, ID_KL, ID_RES, ID_PLAT) 
VALUES (69, to_date('2021/01/09', 'RRRR-MM-DD'), 69, 7, 6);

INSERT INTO ZAMOWIENIE (ID_ZAM, DATA_ZAM, ID_KL, ID_RES, ID_PLAT) 
VALUES (70, to_date('2021/01/10', 'RRRR-MM-DD'), 70, 7, 1);

INSERT INTO ZAMOWIENIE (ID_ZAM, DATA_ZAM, ID_KL, ID_RES, ID_PLAT) 
VALUES (71, to_date('2021/01/01', 'RRRR-MM-DD'), 71, 8, 1);

INSERT INTO ZAMOWIENIE (ID_ZAM, DATA_ZAM, ID_KL, ID_RES, ID_PLAT) 
VALUES (72, to_date('2021/01/02', 'RRRR-MM-DD'), 72, 8, 2);

INSERT INTO ZAMOWIENIE (ID_ZAM, DATA_ZAM, ID_KL, ID_RES, ID_PLAT) 
VALUES (73, to_date('2021/01/03', 'RRRR-MM-DD'), 73, 8, 2);

INSERT INTO ZAMOWIENIE (ID_ZAM, DATA_ZAM, ID_KL, ID_RES, ID_PLAT) 
VALUES (74, to_date('2021/01/04', 'RRRR-MM-DD'), 74, 8, 5);

INSERT INTO ZAMOWIENIE (ID_ZAM, DATA_ZAM, ID_KL, ID_RES, ID_PLAT) 
VALUES (75, to_date('2021/01/05', 'RRRR-MM-DD'), 75, 8, 5);

INSERT INTO ZAMOWIENIE (ID_ZAM, DATA_ZAM, ID_KL, ID_RES, ID_PLAT) 
VALUES (76, to_date('2021/01/06', 'RRRR-MM-DD'), 76, 8, 5);

INSERT INTO ZAMOWIENIE (ID_ZAM, DATA_ZAM, ID_KL, ID_RES, ID_PLAT) 
VALUES (77, to_date('2021/01/07', 'RRRR-MM-DD'), 77, 8, 2);

INSERT INTO ZAMOWIENIE (ID_ZAM, DATA_ZAM, ID_KL, ID_RES, ID_PLAT) 
VALUES (78, to_date('2021/01/08', 'RRRR-MM-DD'), 78, 8, 7);

INSERT INTO ZAMOWIENIE (ID_ZAM, DATA_ZAM, ID_KL, ID_RES, ID_PLAT) 
VALUES (79, to_date('2021/01/09', 'RRRR-MM-DD'), 79, 8, 6);

INSERT INTO ZAMOWIENIE (ID_ZAM, DATA_ZAM, ID_KL, ID_RES, ID_PLAT) 
VALUES (80, to_date('2021/01/10', 'RRRR-MM-DD'), 80, 8, 1);

INSERT INTO ZAMOWIENIE (ID_ZAM, DATA_ZAM, ID_KL, ID_RES, ID_PLAT) 
VALUES (81, to_date('2021/01/01', 'RRRR-MM-DD'), 81, 9, 1);

INSERT INTO ZAMOWIENIE (ID_ZAM, DATA_ZAM, ID_KL, ID_RES, ID_PLAT) 
VALUES (82, to_date('2021/01/02', 'RRRR-MM-DD'), 82, 9, 2);

INSERT INTO ZAMOWIENIE (ID_ZAM, DATA_ZAM, ID_KL, ID_RES, ID_PLAT) 
VALUES (83, to_date('2021/01/03', 'RRRR-MM-DD'), 83, 9, 2);

INSERT INTO ZAMOWIENIE (ID_ZAM, DATA_ZAM, ID_KL, ID_RES, ID_PLAT) 
VALUES (84, to_date('2021/01/04', 'RRRR-MM-DD'), 84, 9, 5);

INSERT INTO ZAMOWIENIE (ID_ZAM, DATA_ZAM, ID_KL, ID_RES, ID_PLAT) 
VALUES (85, to_date('2021/01/05', 'RRRR-MM-DD'), 85, 9, 5);

INSERT INTO ZAMOWIENIE (ID_ZAM, DATA_ZAM, ID_KL, ID_RES, ID_PLAT) 
VALUES (86, to_date('2021/01/06', 'RRRR-MM-DD'), 86, 9, 5);

INSERT INTO ZAMOWIENIE (ID_ZAM, DATA_ZAM, ID_KL, ID_RES, ID_PLAT) 
VALUES (87, to_date('2021/01/07', 'RRRR-MM-DD'), 87, 9, 2);

INSERT INTO ZAMOWIENIE (ID_ZAM, DATA_ZAM, ID_KL, ID_RES, ID_PLAT) 
VALUES (88, to_date('2021/01/08', 'RRRR-MM-DD'), 88, 9, 7);

INSERT INTO ZAMOWIENIE (ID_ZAM, DATA_ZAM, ID_KL, ID_RES, ID_PLAT) 
VALUES (89, to_date('2021/01/09', 'RRRR-MM-DD'), 89, 9, 6);

INSERT INTO ZAMOWIENIE (ID_ZAM, DATA_ZAM, ID_KL, ID_RES, ID_PLAT) 
VALUES (90, to_date('2021/01/10', 'RRRR-MM-DD'), 90, 9, 1);

INSERT INTO ZAMOWIENIE (ID_ZAM, DATA_ZAM, ID_KL, ID_RES, ID_PLAT) 
VALUES (91, to_date('2021/01/01', 'RRRR-MM-DD'), 91, 11, 1);

INSERT INTO ZAMOWIENIE (ID_ZAM, DATA_ZAM, ID_KL, ID_RES, ID_PLAT) 
VALUES (92, to_date('2021/01/02', 'RRRR-MM-DD'), 92, 11, 2);

INSERT INTO ZAMOWIENIE (ID_ZAM, DATA_ZAM, ID_KL, ID_RES, ID_PLAT) 
VALUES (93, to_date('2021/01/03', 'RRRR-MM-DD'), 93, 11, 2);

INSERT INTO ZAMOWIENIE (ID_ZAM, DATA_ZAM, ID_KL, ID_RES, ID_PLAT) 
VALUES (94, to_date('2021/01/04', 'RRRR-MM-DD'), 94, 11, 5);

INSERT INTO ZAMOWIENIE (ID_ZAM, DATA_ZAM, ID_KL, ID_RES, ID_PLAT) 
VALUES (95, to_date('2021/01/05', 'RRRR-MM-DD'), 95, 11, 5);

INSERT INTO ZAMOWIENIE (ID_ZAM, DATA_ZAM, ID_KL, ID_RES, ID_PLAT) 
VALUES (96, to_date('2021/01/06', 'RRRR-MM-DD'), 96, 11, 5);

INSERT INTO ZAMOWIENIE (ID_ZAM, DATA_ZAM, ID_KL, ID_RES, ID_PLAT) 
VALUES (97, to_date('2021/01/07', 'RRRR-MM-DD'), 97, 11, 2);

INSERT INTO ZAMOWIENIE (ID_ZAM, DATA_ZAM, ID_KL, ID_RES, ID_PLAT) 
VALUES (98, to_date('2021/01/08', 'RRRR-MM-DD'), 98, 11, 7);

INSERT INTO ZAMOWIENIE (ID_ZAM, DATA_ZAM, ID_KL, ID_RES, ID_PLAT) 
VALUES (99, to_date('2021/01/09', 'RRRR-MM-DD'), 99, 11, 6);

INSERT INTO ZAMOWIENIE (ID_ZAM, DATA_ZAM, ID_KL, ID_RES, ID_PLAT) 
VALUES (100, to_date('2021/01/10', 'RRRR-MM-DD'), 100, 11, 1);








SET DEFINE OFF

INSERT INTO PRODUKT (ID_PROD, NAZWA_PROD, CENA_PROD, ID_KAT_PROD, ID_RES) 
VALUES (1, 'Pizza Margherita', 18, 2, 1);

INSERT INTO PRODUKT (ID_PROD, NAZWA_PROD, CENA_PROD, ID_KAT_PROD, ID_RES) 
VALUES (2, 'Pizza Carbonara', 25, 2, 1);

INSERT INTO PRODUKT (ID_PROD, NAZWA_PROD, CENA_PROD, ID_KAT_PROD, ID_RES) 
VALUES (3, 'Pizza Caprese', 23, 2, 1);

INSERT INTO PRODUKT (ID_PROD, NAZWA_PROD, CENA_PROD, ID_KAT_PROD, ID_RES) 
VALUES (4, 'Pizza Anchois', 29, 2, 1);

INSERT INTO PRODUKT (ID_PROD, NAZWA_PROD, CENA_PROD, ID_KAT_PROD, ID_RES) 
VALUES (5, 'Pizza Parma', 26, 2, 1);

INSERT INTO PRODUKT (ID_PROD, NAZWA_PROD, CENA_PROD, ID_KAT_PROD, ID_RES) 
VALUES (6, 'Kawa czarna', 5, 13, 1);

INSERT INTO PRODUKT (ID_PROD, NAZWA_PROD, CENA_PROD, ID_KAT_PROD, ID_RES) 
VALUES (7, 'Kawa Latte', 8, 13, 1);

INSERT INTO PRODUKT (ID_PROD, NAZWA_PROD, CENA_PROD, ID_KAT_PROD, ID_RES) 
VALUES (8, 'Herbata', 4, 13, 1);

INSERT INTO PRODUKT (ID_PROD, NAZWA_PROD, CENA_PROD, ID_KAT_PROD, ID_RES) 
VALUES (9, 'Schabowy', 8, 4, 2);

INSERT INTO PRODUKT (ID_PROD, NAZWA_PROD, CENA_PROD, ID_KAT_PROD, ID_RES) 
VALUES (10, 'Mielony', 8, 4, 2);

INSERT INTO PRODUKT (ID_PROD, NAZWA_PROD, CENA_PROD, ID_KAT_PROD, ID_RES) 
VALUES (11, 'Kotlet z piersi kurczaka', 8, 4, 2);

INSERT INTO PRODUKT (ID_PROD, NAZWA_PROD, CENA_PROD, ID_KAT_PROD, ID_RES) 
VALUES (12, 'Pomidorówka', 5, 11, 2);

INSERT INTO PRODUKT (ID_PROD, NAZWA_PROD, CENA_PROD, ID_KAT_PROD, ID_RES) 
VALUES (13, 'Rosó³', 6, 11, 2);

INSERT INTO PRODUKT (ID_PROD, NAZWA_PROD, CENA_PROD, ID_KAT_PROD, ID_RES) 
VALUES (14, 'Grochówka', 8, 11, 2);

INSERT INTO PRODUKT (ID_PROD, NAZWA_PROD, CENA_PROD, ID_KAT_PROD, ID_RES) 
VALUES (15, 'Mizeria', 4, 7, 2);

INSERT INTO PRODUKT (ID_PROD, NAZWA_PROD, CENA_PROD, ID_KAT_PROD, ID_RES) 
VALUES (16, 'Marchewka', 4, 7, 2);

INSERT INTO PRODUKT (ID_PROD, NAZWA_PROD, CENA_PROD, ID_KAT_PROD, ID_RES) 
VALUES (17, 'Kapusta kiszona', 4, 7, 2);

INSERT INTO PRODUKT (ID_PROD, NAZWA_PROD, CENA_PROD, ID_KAT_PROD, ID_RES) 
VALUES (18, 'Ziemniaki', 2, 7, 2);

INSERT INTO PRODUKT (ID_PROD, NAZWA_PROD, CENA_PROD, ID_KAT_PROD, ID_RES) 
VALUES (19, 'Frytki', 5, 7, 2);

INSERT INTO PRODUKT (ID_PROD, NAZWA_PROD, CENA_PROD, ID_KAT_PROD, ID_RES) 
VALUES (20, 'Herbata', 2, 13, 2);

INSERT INTO PRODUKT (ID_PROD, NAZWA_PROD, CENA_PROD, ID_KAT_PROD, ID_RES) 
VALUES (21, 'Kompot', 1, 8, 2);

INSERT INTO PRODUKT (ID_PROD, NAZWA_PROD, CENA_PROD, ID_KAT_PROD, ID_RES) 
VALUES (22, 'Pierogi z miêsem', 12, 14, 2);

INSERT INTO PRODUKT (ID_PROD, NAZWA_PROD, CENA_PROD, ID_KAT_PROD, ID_RES) 
VALUES (23, 'Pierogi z serem', 10, 14, 2);

INSERT INTO PRODUKT (ID_PROD, NAZWA_PROD, CENA_PROD, ID_KAT_PROD, ID_RES) 
VALUES (24, 'Pierogi ruskie', 11, 14, 2);

INSERT INTO PRODUKT (ID_PROD, NAZWA_PROD, CENA_PROD, ID_KAT_PROD, ID_RES) 
VALUES (25, 'Pierogi z kapust¹ i grzybami', 13, 14, 2);

INSERT INTO PRODUKT (ID_PROD, NAZWA_PROD, CENA_PROD, ID_KAT_PROD, ID_RES) 
VALUES (26, 'Sa³atka 1', 30, 9, 3);

INSERT INTO PRODUKT (ID_PROD, NAZWA_PROD, CENA_PROD, ID_KAT_PROD, ID_RES) 
VALUES (27, 'Sa³atka 2', 28, 9, 3);

INSERT INTO PRODUKT (ID_PROD, NAZWA_PROD, CENA_PROD, ID_KAT_PROD, ID_RES) 
VALUES (28, 'Sa³atka 3', 32, 9, 3);

INSERT INTO PRODUKT (ID_PROD, NAZWA_PROD, CENA_PROD, ID_KAT_PROD, ID_RES) 
VALUES (29, 'Sa³atka 4', 39, 9, 3);

INSERT INTO PRODUKT (ID_PROD, NAZWA_PROD, CENA_PROD, ID_KAT_PROD, ID_RES) 
VALUES (30, 'Sa³atka 5', 24, 9, 3);

INSERT INTO PRODUKT (ID_PROD, NAZWA_PROD, CENA_PROD, ID_KAT_PROD, ID_RES) 
VALUES (31, 'Kotlet z ciecierzycy', 16, 16, 3);

INSERT INTO PRODUKT (ID_PROD, NAZWA_PROD, CENA_PROD, ID_KAT_PROD, ID_RES) 
VALUES (32, 'Kotlet z pieczarek', 18, 16, 3);

INSERT INTO PRODUKT (ID_PROD, NAZWA_PROD, CENA_PROD, ID_KAT_PROD, ID_RES) 
VALUES (33, 'Kotlet z kalafiora', 17, 16, 3);

INSERT INTO PRODUKT (ID_PROD, NAZWA_PROD, CENA_PROD, ID_KAT_PROD, ID_RES) 
VALUES (34, 'Pieczone bataty', 12, 7, 3);

INSERT INTO PRODUKT (ID_PROD, NAZWA_PROD, CENA_PROD, ID_KAT_PROD, ID_RES) 
VALUES (35, 'Latte z mlekiem sojowym', 18, 13, 3);

INSERT INTO PRODUKT (ID_PROD, NAZWA_PROD, CENA_PROD, ID_KAT_PROD, ID_RES) 
VALUES (36, 'Kebab z wo³owin¹', 12, 3, 4);

INSERT INTO PRODUKT (ID_PROD, NAZWA_PROD, CENA_PROD, ID_KAT_PROD, ID_RES) 
VALUES (37, 'Kebab z kurczakiem', 11, 3, 4);

INSERT INTO PRODUKT (ID_PROD, NAZWA_PROD, CENA_PROD, ID_KAT_PROD, ID_RES) 
VALUES (38, 'Kebab z baranin¹', 13, 3, 4);

INSERT INTO PRODUKT (ID_PROD, NAZWA_PROD, CENA_PROD, ID_KAT_PROD, ID_RES) 
VALUES (39, 'Frytki', 5, 7, 4);

INSERT INTO PRODUKT (ID_PROD, NAZWA_PROD, CENA_PROD, ID_KAT_PROD, ID_RES) 
VALUES (40, 'Ayran', 8, 8, 4);

INSERT INTO PRODUKT (ID_PROD, NAZWA_PROD, CENA_PROD, ID_KAT_PROD, ID_RES) 
VALUES (41, 'Pasta 1', 23, 17, 5);

INSERT INTO PRODUKT (ID_PROD, NAZWA_PROD, CENA_PROD, ID_KAT_PROD, ID_RES) 
VALUES (42, 'Pasta 2', 25, 17, 5);

INSERT INTO PRODUKT (ID_PROD, NAZWA_PROD, CENA_PROD, ID_KAT_PROD, ID_RES) 
VALUES (43, 'Pasta 3', 27, 17, 5);

INSERT INTO PRODUKT (ID_PROD, NAZWA_PROD, CENA_PROD, ID_KAT_PROD, ID_RES) 
VALUES (44, 'Pasta 4', 21, 17, 5);

INSERT INTO PRODUKT (ID_PROD, NAZWA_PROD, CENA_PROD, ID_KAT_PROD, ID_RES) 
VALUES (45, 'Pasta 5', 22, 17, 5);

INSERT INTO PRODUKT (ID_PROD, NAZWA_PROD, CENA_PROD, ID_KAT_PROD, ID_RES) 
VALUES (46, 'Pizza 1', 27, 2, 5);

INSERT INTO PRODUKT (ID_PROD, NAZWA_PROD, CENA_PROD, ID_KAT_PROD, ID_RES) 
VALUES (47, 'Pizza 2', 29, 2, 5);

INSERT INTO PRODUKT (ID_PROD, NAZWA_PROD, CENA_PROD, ID_KAT_PROD, ID_RES) 
VALUES (48, 'Pizza 3', 31, 2, 5);

INSERT INTO PRODUKT (ID_PROD, NAZWA_PROD, CENA_PROD, ID_KAT_PROD, ID_RES) 
VALUES (49, 'Pizza 4', 34, 2, 5);

INSERT INTO PRODUKT (ID_PROD, NAZWA_PROD, CENA_PROD, ID_KAT_PROD, ID_RES) 
VALUES (50, 'Pizza 5', 22, 2, 5);

INSERT INTO PRODUKT (ID_PROD, NAZWA_PROD, CENA_PROD, ID_KAT_PROD, ID_RES) 
VALUES (51, 'Kawa czarna', 8, 13, 5);

INSERT INTO PRODUKT (ID_PROD, NAZWA_PROD, CENA_PROD, ID_KAT_PROD, ID_RES) 
VALUES (52, 'Kawa Latte', 12, 13, 5);

INSERT INTO PRODUKT (ID_PROD, NAZWA_PROD, CENA_PROD, ID_KAT_PROD, ID_RES) 
VALUES (53, 'Kawa Flat White', 11, 13, 5);

INSERT INTO PRODUKT (ID_PROD, NAZWA_PROD, CENA_PROD, ID_KAT_PROD, ID_RES) 
VALUES (54, 'Herbata czarna', 8, 13, 5);

INSERT INTO PRODUKT (ID_PROD, NAZWA_PROD, CENA_PROD, ID_KAT_PROD, ID_RES) 
VALUES (55, 'Herbata zielona', 8, 13, 5);

INSERT INTO PRODUKT (ID_PROD, NAZWA_PROD, CENA_PROD, ID_KAT_PROD, ID_RES) 
VALUES (56, 'Burger Quick', 14, 1, 6);

INSERT INTO PRODUKT (ID_PROD, NAZWA_PROD, CENA_PROD, ID_KAT_PROD, ID_RES) 
VALUES (57, 'Burger Mate', 13, 1, 6);

INSERT INTO PRODUKT (ID_PROD, NAZWA_PROD, CENA_PROD, ID_KAT_PROD, ID_RES) 
VALUES (58, 'Burger Kurkum', 19, 1, 6);

INSERT INTO PRODUKT (ID_PROD, NAZWA_PROD, CENA_PROD, ID_KAT_PROD, ID_RES) 
VALUES (59, 'Strips', 12, 10, 6);

INSERT INTO PRODUKT (ID_PROD, NAZWA_PROD, CENA_PROD, ID_KAT_PROD, ID_RES) 
VALUES (60, 'BBQ wings', 14, 10, 6);

INSERT INTO PRODUKT (ID_PROD, NAZWA_PROD, CENA_PROD, ID_KAT_PROD, ID_RES) 
VALUES (61, 'Frytki', 7, 7, 6);

INSERT INTO PRODUKT (ID_PROD, NAZWA_PROD, CENA_PROD, ID_KAT_PROD, ID_RES) 
VALUES (62, 'Onion chips', 10, 7, 6);

INSERT INTO PRODUKT (ID_PROD, NAZWA_PROD, CENA_PROD, ID_KAT_PROD, ID_RES) 
VALUES (63, 'Coca cola', 6, 8, 6);

INSERT INTO PRODUKT (ID_PROD, NAZWA_PROD, CENA_PROD, ID_KAT_PROD, ID_RES) 
VALUES (64, 'Fanta', 6, 8, 6);

INSERT INTO PRODUKT (ID_PROD, NAZWA_PROD, CENA_PROD, ID_KAT_PROD, ID_RES) 
VALUES (65, 'Sprite', 6, 8, 6);

INSERT INTO PRODUKT (ID_PROD, NAZWA_PROD, CENA_PROD, ID_KAT_PROD, ID_RES) 
VALUES (66, 'Zestaw 1', 25, 5, 7);

INSERT INTO PRODUKT (ID_PROD, NAZWA_PROD, CENA_PROD, ID_KAT_PROD, ID_RES) 
VALUES (67, 'Zestaw 2', 29, 5, 7);

INSERT INTO PRODUKT (ID_PROD, NAZWA_PROD, CENA_PROD, ID_KAT_PROD, ID_RES) 
VALUES (68, 'Zestaw 3', 52, 5, 7);

INSERT INTO PRODUKT (ID_PROD, NAZWA_PROD, CENA_PROD, ID_KAT_PROD, ID_RES) 
VALUES (69, 'Zestaw 4', 79, 5, 7);

INSERT INTO PRODUKT (ID_PROD, NAZWA_PROD, CENA_PROD, ID_KAT_PROD, ID_RES) 
VALUES (70, 'Zestaw 5', 34, 5, 7);

INSERT INTO PRODUKT (ID_PROD, NAZWA_PROD, CENA_PROD, ID_KAT_PROD, ID_RES) 
VALUES (71, 'Zestaw 6', 81, 5, 7);

INSERT INTO PRODUKT (ID_PROD, NAZWA_PROD, CENA_PROD, ID_KAT_PROD, ID_RES) 
VALUES (72, 'Zestaw 7', 123, 5, 7);

INSERT INTO PRODUKT (ID_PROD, NAZWA_PROD, CENA_PROD, ID_KAT_PROD, ID_RES) 
VALUES (73, 'Zestaw 8', 19, 5, 7);

INSERT INTO PRODUKT (ID_PROD, NAZWA_PROD, CENA_PROD, ID_KAT_PROD, ID_RES) 
VALUES (74, 'Zestaw 9', 54, 5, 7);

INSERT INTO PRODUKT (ID_PROD, NAZWA_PROD, CENA_PROD, ID_KAT_PROD, ID_RES) 
VALUES (75, 'Zupa miso', 15, 11, 7);

INSERT INTO PRODUKT (ID_PROD, NAZWA_PROD, CENA_PROD, ID_KAT_PROD, ID_RES) 
VALUES (76, 'Zupa wonton', 19, 11, 7);

INSERT INTO PRODUKT (ID_PROD, NAZWA_PROD, CENA_PROD, ID_KAT_PROD, ID_RES) 
VALUES (77, 'Burger 1', 25, 1, 8);

INSERT INTO PRODUKT (ID_PROD, NAZWA_PROD, CENA_PROD, ID_KAT_PROD, ID_RES) 
VALUES (78, 'Burger 2', 22, 1, 8);

INSERT INTO PRODUKT (ID_PROD, NAZWA_PROD, CENA_PROD, ID_KAT_PROD, ID_RES) 
VALUES (79, 'Burger 3', 29, 1, 8);

INSERT INTO PRODUKT (ID_PROD, NAZWA_PROD, CENA_PROD, ID_KAT_PROD, ID_RES) 
VALUES (80, 'Burger 4', 21, 1, 8);

INSERT INTO PRODUKT (ID_PROD, NAZWA_PROD, CENA_PROD, ID_KAT_PROD, ID_RES) 
VALUES (81, 'NY pastrami', 25, 1, 8);

INSERT INTO PRODUKT (ID_PROD, NAZWA_PROD, CENA_PROD, ID_KAT_PROD, ID_RES) 
VALUES (82, 'Frytki', 12, 7, 8);

INSERT INTO PRODUKT (ID_PROD, NAZWA_PROD, CENA_PROD, ID_KAT_PROD, ID_RES) 
VALUES (83, 'Frytki zygzaki', 13, 7, 8);

INSERT INTO PRODUKT (ID_PROD, NAZWA_PROD, CENA_PROD, ID_KAT_PROD, ID_RES) 
VALUES (84, 'Frytki belgijskie', 18, 7, 8);

INSERT INTO PRODUKT (ID_PROD, NAZWA_PROD, CENA_PROD, ID_KAT_PROD, ID_RES) 
VALUES (85, 'Sa³atka Coles³aw', 9, 9, 8);

INSERT INTO PRODUKT (ID_PROD, NAZWA_PROD, CENA_PROD, ID_KAT_PROD, ID_RES) 
VALUES (86, 'Pepsi', 7, 8, 8);

INSERT INTO PRODUKT (ID_PROD, NAZWA_PROD, CENA_PROD, ID_KAT_PROD, ID_RES) 
VALUES (87, '¯ywiec 0.0%', 9, 8, 8);

INSERT INTO PRODUKT (ID_PROD, NAZWA_PROD, CENA_PROD, ID_KAT_PROD, ID_RES) 
VALUES (88, 'Miros³aw IPA 0%', 11, 8, 8);

INSERT INTO PRODUKT (ID_PROD, NAZWA_PROD, CENA_PROD, ID_KAT_PROD, ID_RES) 
VALUES (89, 'Pakoras Delight', 20, 4, 9);

INSERT INTO PRODUKT (ID_PROD, NAZWA_PROD, CENA_PROD, ID_KAT_PROD, ID_RES) 
VALUES (90, 'Paneer Tikka', 23, 4, 9);

INSERT INTO PRODUKT (ID_PROD, NAZWA_PROD, CENA_PROD, ID_KAT_PROD, ID_RES) 
VALUES (91, 'Lasooni Prawns', 28, 4, 9);

INSERT INTO PRODUKT (ID_PROD, NAZWA_PROD, CENA_PROD, ID_KAT_PROD, ID_RES) 
VALUES (92, 'Samosa', 18, 4, 9);

INSERT INTO PRODUKT (ID_PROD, NAZWA_PROD, CENA_PROD, ID_KAT_PROD, ID_RES) 
VALUES (93, 'Onion Bhajia', 25, 4, 9);

INSERT INTO PRODUKT (ID_PROD, NAZWA_PROD, CENA_PROD, ID_KAT_PROD, ID_RES) 
VALUES (94, 'Samphire Koliwada', 31, 4, 9);

INSERT INTO PRODUKT (ID_PROD, NAZWA_PROD, CENA_PROD, ID_KAT_PROD, ID_RES) 
VALUES (95, 'Pizza', 20, 2, 11);

INSERT INTO PRODUKT (ID_PROD, NAZWA_PROD, CENA_PROD, ID_KAT_PROD, ID_RES) 
VALUES (96, 'Kebab', 10, 3, 11);

INSERT INTO PRODUKT (ID_PROD, NAZWA_PROD, CENA_PROD, ID_KAT_PROD, ID_RES) 
VALUES (97, 'Burger', 8, 1, 11);

INSERT INTO PRODUKT (ID_PROD, NAZWA_PROD, CENA_PROD, ID_KAT_PROD, ID_RES) 
VALUES (98, 'Chicken O''retty', 13, 10, 11);

INSERT INTO PRODUKT (ID_PROD, NAZWA_PROD, CENA_PROD, ID_KAT_PROD, ID_RES) 
VALUES (99, 'Bak³a¿an SALSA', 19, 15, 11);

INSERT INTO PRODUKT (ID_PROD, NAZWA_PROD, CENA_PROD, ID_KAT_PROD, ID_RES) 
VALUES (100, 'Herbata', 7, 13, 11);








SET DEFINE OFF

INSERT INTO ZAM_PROD (ID_ZAM, ID_PROD, ILOSC) 
VALUES (1, 1, 1);

INSERT INTO ZAM_PROD (ID_ZAM, ID_PROD, ILOSC) 
VALUES (2, 2, 2);

INSERT INTO ZAM_PROD (ID_ZAM, ID_PROD, ILOSC) 
VALUES (2, 6, 4);

INSERT INTO ZAM_PROD (ID_ZAM, ID_PROD, ILOSC) 
VALUES (3, 5, 2);

INSERT INTO ZAM_PROD (ID_ZAM, ID_PROD, ILOSC) 
VALUES (3, 2, 1);

INSERT INTO ZAM_PROD (ID_ZAM, ID_PROD, ILOSC) 
VALUES (4, 7, 1);

INSERT INTO ZAM_PROD (ID_ZAM, ID_PROD, ILOSC) 
VALUES (5, 7, 2);

INSERT INTO ZAM_PROD (ID_ZAM, ID_PROD, ILOSC) 
VALUES (6, 4, 1);

INSERT INTO ZAM_PROD (ID_ZAM, ID_PROD, ILOSC) 
VALUES (6, 1, 1);

INSERT INTO ZAM_PROD (ID_ZAM, ID_PROD, ILOSC) 
VALUES (6, 2, 1);

INSERT INTO ZAM_PROD (ID_ZAM, ID_PROD, ILOSC) 
VALUES (6, 3, 1);

INSERT INTO ZAM_PROD (ID_ZAM, ID_PROD, ILOSC) 
VALUES (6, 8, 1);

INSERT INTO ZAM_PROD (ID_ZAM, ID_PROD, ILOSC) 
VALUES (7, 1, 1);

INSERT INTO ZAM_PROD (ID_ZAM, ID_PROD, ILOSC) 
VALUES (8, 5, 1);

INSERT INTO ZAM_PROD (ID_ZAM, ID_PROD, ILOSC) 
VALUES (9, 5, 1);

INSERT INTO ZAM_PROD (ID_ZAM, ID_PROD, ILOSC) 
VALUES (9, 7, 2);

INSERT INTO ZAM_PROD (ID_ZAM, ID_PROD, ILOSC) 
VALUES (10, 3, 4);

INSERT INTO ZAM_PROD (ID_ZAM, ID_PROD, ILOSC) 
VALUES (11, 9, 1);

INSERT INTO ZAM_PROD (ID_ZAM, ID_PROD, ILOSC) 
VALUES (11, 15, 1);

INSERT INTO ZAM_PROD (ID_ZAM, ID_PROD, ILOSC) 
VALUES (11, 18, 1);

INSERT INTO ZAM_PROD (ID_ZAM, ID_PROD, ILOSC) 
VALUES (11, 21, 1);

INSERT INTO ZAM_PROD (ID_ZAM, ID_PROD, ILOSC) 
VALUES (12, 9, 1);

INSERT INTO ZAM_PROD (ID_ZAM, ID_PROD, ILOSC) 
VALUES (12, 17, 1);

INSERT INTO ZAM_PROD (ID_ZAM, ID_PROD, ILOSC) 
VALUES (12, 19, 1);

INSERT INTO ZAM_PROD (ID_ZAM, ID_PROD, ILOSC) 
VALUES (12, 21, 1);

INSERT INTO ZAM_PROD (ID_ZAM, ID_PROD, ILOSC) 
VALUES (13, 10, 1);

INSERT INTO ZAM_PROD (ID_ZAM, ID_PROD, ILOSC) 
VALUES (13, 16, 1);

INSERT INTO ZAM_PROD (ID_ZAM, ID_PROD, ILOSC) 
VALUES (13, 19, 1);

INSERT INTO ZAM_PROD (ID_ZAM, ID_PROD, ILOSC) 
VALUES (13, 20, 1);

INSERT INTO ZAM_PROD (ID_ZAM, ID_PROD, ILOSC) 
VALUES (14, 11, 1);

INSERT INTO ZAM_PROD (ID_ZAM, ID_PROD, ILOSC) 
VALUES (14, 17, 1);

INSERT INTO ZAM_PROD (ID_ZAM, ID_PROD, ILOSC) 
VALUES (14, 18, 1);

INSERT INTO ZAM_PROD (ID_ZAM, ID_PROD, ILOSC) 
VALUES (14, 21, 1);

INSERT INTO ZAM_PROD (ID_ZAM, ID_PROD, ILOSC) 
VALUES (14, 14, 1);

INSERT INTO ZAM_PROD (ID_ZAM, ID_PROD, ILOSC) 
VALUES (15, 22, 2);

INSERT INTO ZAM_PROD (ID_ZAM, ID_PROD, ILOSC) 
VALUES (15, 21, 2);

INSERT INTO ZAM_PROD (ID_ZAM, ID_PROD, ILOSC) 
VALUES (16, 25, 1);

INSERT INTO ZAM_PROD (ID_ZAM, ID_PROD, ILOSC) 
VALUES (16, 24, 1);

INSERT INTO ZAM_PROD (ID_ZAM, ID_PROD, ILOSC) 
VALUES (16, 23, 1);

INSERT INTO ZAM_PROD (ID_ZAM, ID_PROD, ILOSC) 
VALUES (16, 22, 1);

INSERT INTO ZAM_PROD (ID_ZAM, ID_PROD, ILOSC) 
VALUES (16, 21, 4);

INSERT INTO ZAM_PROD (ID_ZAM, ID_PROD, ILOSC) 
VALUES (17, 11, 2);

INSERT INTO ZAM_PROD (ID_ZAM, ID_PROD, ILOSC) 
VALUES (17, 9, 2);

INSERT INTO ZAM_PROD (ID_ZAM, ID_PROD, ILOSC) 
VALUES (17, 10, 3);

INSERT INTO ZAM_PROD (ID_ZAM, ID_PROD, ILOSC) 
VALUES (17, 19, 4);

INSERT INTO ZAM_PROD (ID_ZAM, ID_PROD, ILOSC) 
VALUES (17, 18, 2);

INSERT INTO ZAM_PROD (ID_ZAM, ID_PROD, ILOSC) 
VALUES (17, 20, 3);

INSERT INTO ZAM_PROD (ID_ZAM, ID_PROD, ILOSC) 
VALUES (17, 21, 3);

INSERT INTO ZAM_PROD (ID_ZAM, ID_PROD, ILOSC) 
VALUES (18, 24, 1);

INSERT INTO ZAM_PROD (ID_ZAM, ID_PROD, ILOSC) 
VALUES (19, 22, 1);

INSERT INTO ZAM_PROD (ID_ZAM, ID_PROD, ILOSC) 
VALUES (19, 23, 1);

INSERT INTO ZAM_PROD (ID_ZAM, ID_PROD, ILOSC) 
VALUES (19, 20, 1);

INSERT INTO ZAM_PROD (ID_ZAM, ID_PROD, ILOSC) 
VALUES (19, 21, 1);

INSERT INTO ZAM_PROD (ID_ZAM, ID_PROD, ILOSC) 
VALUES (20, 13, 1);

INSERT INTO ZAM_PROD (ID_ZAM, ID_PROD, ILOSC) 
VALUES (21, 26, 1);

INSERT INTO ZAM_PROD (ID_ZAM, ID_PROD, ILOSC) 
VALUES (21, 27, 1);

INSERT INTO ZAM_PROD (ID_ZAM, ID_PROD, ILOSC) 
VALUES (21, 35, 2);

INSERT INTO ZAM_PROD (ID_ZAM, ID_PROD, ILOSC) 
VALUES (22, 28, 1);

INSERT INTO ZAM_PROD (ID_ZAM, ID_PROD, ILOSC) 
VALUES (23, 29, 1);

INSERT INTO ZAM_PROD (ID_ZAM, ID_PROD, ILOSC) 
VALUES (24, 30, 1);

INSERT INTO ZAM_PROD (ID_ZAM, ID_PROD, ILOSC) 
VALUES (25, 26, 2);

INSERT INTO ZAM_PROD (ID_ZAM, ID_PROD, ILOSC) 
VALUES (25, 27, 2);

INSERT INTO ZAM_PROD (ID_ZAM, ID_PROD, ILOSC) 
VALUES (25, 31, 1);

INSERT INTO ZAM_PROD (ID_ZAM, ID_PROD, ILOSC) 
VALUES (25, 32, 1);

INSERT INTO ZAM_PROD (ID_ZAM, ID_PROD, ILOSC) 
VALUES (25, 33, 1);

INSERT INTO ZAM_PROD (ID_ZAM, ID_PROD, ILOSC) 
VALUES (25, 34, 4);

INSERT INTO ZAM_PROD (ID_ZAM, ID_PROD, ILOSC) 
VALUES (25, 35, 4);

INSERT INTO ZAM_PROD (ID_ZAM, ID_PROD, ILOSC) 
VALUES (26, 35, 2);

INSERT INTO ZAM_PROD (ID_ZAM, ID_PROD, ILOSC) 
VALUES (27, 26, 1);

INSERT INTO ZAM_PROD (ID_ZAM, ID_PROD, ILOSC) 
VALUES (27, 35, 1);

INSERT INTO ZAM_PROD (ID_ZAM, ID_PROD, ILOSC) 
VALUES (28, 31, 1);

INSERT INTO ZAM_PROD (ID_ZAM, ID_PROD, ILOSC) 
VALUES (28, 34, 1);

INSERT INTO ZAM_PROD (ID_ZAM, ID_PROD, ILOSC) 
VALUES (29, 28, 2);

INSERT INTO ZAM_PROD (ID_ZAM, ID_PROD, ILOSC) 
VALUES (30, 35, 4);

INSERT INTO ZAM_PROD (ID_ZAM, ID_PROD, ILOSC) 
VALUES (30, 28, 1);

INSERT INTO ZAM_PROD (ID_ZAM, ID_PROD, ILOSC) 
VALUES (30, 26, 1);

INSERT INTO ZAM_PROD (ID_ZAM, ID_PROD, ILOSC) 
VALUES (30, 27, 2);

INSERT INTO ZAM_PROD (ID_ZAM, ID_PROD, ILOSC) 
VALUES (31, 36, 1);

INSERT INTO ZAM_PROD (ID_ZAM, ID_PROD, ILOSC) 
VALUES (32, 37, 1);

INSERT INTO ZAM_PROD (ID_ZAM, ID_PROD, ILOSC) 
VALUES (33, 38, 1);

INSERT INTO ZAM_PROD (ID_ZAM, ID_PROD, ILOSC) 
VALUES (34, 36, 1);

INSERT INTO ZAM_PROD (ID_ZAM, ID_PROD, ILOSC) 
VALUES (35, 37, 1);

INSERT INTO ZAM_PROD (ID_ZAM, ID_PROD, ILOSC) 
VALUES (36, 38, 1);

INSERT INTO ZAM_PROD (ID_ZAM, ID_PROD, ILOSC) 
VALUES (37, 36, 2);

INSERT INTO ZAM_PROD (ID_ZAM, ID_PROD, ILOSC) 
VALUES (37, 37, 2);

INSERT INTO ZAM_PROD (ID_ZAM, ID_PROD, ILOSC) 
VALUES (37, 40, 2);

INSERT INTO ZAM_PROD (ID_ZAM, ID_PROD, ILOSC) 
VALUES (38, 36, 1);

INSERT INTO ZAM_PROD (ID_ZAM, ID_PROD, ILOSC) 
VALUES (38, 39, 1);

INSERT INTO ZAM_PROD (ID_ZAM, ID_PROD, ILOSC) 
VALUES (39, 36, 1);

INSERT INTO ZAM_PROD (ID_ZAM, ID_PROD, ILOSC) 
VALUES (39, 37, 1);

INSERT INTO ZAM_PROD (ID_ZAM, ID_PROD, ILOSC) 
VALUES (39, 38, 1);

INSERT INTO ZAM_PROD (ID_ZAM, ID_PROD, ILOSC) 
VALUES (39, 39, 3);

INSERT INTO ZAM_PROD (ID_ZAM, ID_PROD, ILOSC) 
VALUES (39, 40, 3);

INSERT INTO ZAM_PROD (ID_ZAM, ID_PROD, ILOSC) 
VALUES (40, 40, 2);

INSERT INTO ZAM_PROD (ID_ZAM, ID_PROD, ILOSC) 
VALUES (41, 41, 1);

INSERT INTO ZAM_PROD (ID_ZAM, ID_PROD, ILOSC) 
VALUES (41, 51, 1);

INSERT INTO ZAM_PROD (ID_ZAM, ID_PROD, ILOSC) 
VALUES (42, 42, 2);

INSERT INTO ZAM_PROD (ID_ZAM, ID_PROD, ILOSC) 
VALUES (42, 51, 1);

INSERT INTO ZAM_PROD (ID_ZAM, ID_PROD, ILOSC) 
VALUES (42, 52, 1);

INSERT INTO ZAM_PROD (ID_ZAM, ID_PROD, ILOSC) 
VALUES (43, 41, 1);

INSERT INTO ZAM_PROD (ID_ZAM, ID_PROD, ILOSC) 
VALUES (43, 43, 1);

INSERT INTO ZAM_PROD (ID_ZAM, ID_PROD, ILOSC) 
VALUES (43, 44, 1);

INSERT INTO ZAM_PROD (ID_ZAM, ID_PROD, ILOSC) 
VALUES (43, 45, 1);

INSERT INTO ZAM_PROD (ID_ZAM, ID_PROD, ILOSC) 
VALUES (43, 51, 1);

INSERT INTO ZAM_PROD (ID_ZAM, ID_PROD, ILOSC) 
VALUES (43, 52, 1);

INSERT INTO ZAM_PROD (ID_ZAM, ID_PROD, ILOSC) 
VALUES (43, 53, 1);

INSERT INTO ZAM_PROD (ID_ZAM, ID_PROD, ILOSC) 
VALUES (43, 54, 1);

INSERT INTO ZAM_PROD (ID_ZAM, ID_PROD, ILOSC) 
VALUES (43, 55, 1);

INSERT INTO ZAM_PROD (ID_ZAM, ID_PROD, ILOSC) 
VALUES (44, 46, 1);

INSERT INTO ZAM_PROD (ID_ZAM, ID_PROD, ILOSC) 
VALUES (45, 48, 2);

INSERT INTO ZAM_PROD (ID_ZAM, ID_PROD, ILOSC) 
VALUES (45, 53, 2);

INSERT INTO ZAM_PROD (ID_ZAM, ID_PROD, ILOSC) 
VALUES (46, 50, 1);

INSERT INTO ZAM_PROD (ID_ZAM, ID_PROD, ILOSC) 
VALUES (46, 55, 1);

INSERT INTO ZAM_PROD (ID_ZAM, ID_PROD, ILOSC) 
VALUES (47, 46, 1);

INSERT INTO ZAM_PROD (ID_ZAM, ID_PROD, ILOSC) 
VALUES (47, 48, 1);

INSERT INTO ZAM_PROD (ID_ZAM, ID_PROD, ILOSC) 
VALUES (47, 49, 1);

INSERT INTO ZAM_PROD (ID_ZAM, ID_PROD, ILOSC) 
VALUES (47, 51, 1);

INSERT INTO ZAM_PROD (ID_ZAM, ID_PROD, ILOSC) 
VALUES (47, 53, 1);

INSERT INTO ZAM_PROD (ID_ZAM, ID_PROD, ILOSC) 
VALUES (47, 55, 1);

INSERT INTO ZAM_PROD (ID_ZAM, ID_PROD, ILOSC) 
VALUES (48, 41, 1);

INSERT INTO ZAM_PROD (ID_ZAM, ID_PROD, ILOSC) 
VALUES (48, 43, 1);

INSERT INTO ZAM_PROD (ID_ZAM, ID_PROD, ILOSC) 
VALUES (48, 44, 1);

INSERT INTO ZAM_PROD (ID_ZAM, ID_PROD, ILOSC) 
VALUES (48, 45, 1);

INSERT INTO ZAM_PROD (ID_ZAM, ID_PROD, ILOSC) 
VALUES (48, 51, 1);

INSERT INTO ZAM_PROD (ID_ZAM, ID_PROD, ILOSC) 
VALUES (48, 52, 1);

INSERT INTO ZAM_PROD (ID_ZAM, ID_PROD, ILOSC) 
VALUES (48, 53, 1);

INSERT INTO ZAM_PROD (ID_ZAM, ID_PROD, ILOSC) 
VALUES (48, 54, 1);

INSERT INTO ZAM_PROD (ID_ZAM, ID_PROD, ILOSC) 
VALUES (48, 55, 1);

INSERT INTO ZAM_PROD (ID_ZAM, ID_PROD, ILOSC) 
VALUES (49, 44, 1);

INSERT INTO ZAM_PROD (ID_ZAM, ID_PROD, ILOSC) 
VALUES (49, 51, 1);

INSERT INTO ZAM_PROD (ID_ZAM, ID_PROD, ILOSC) 
VALUES (50, 55, 2);

INSERT INTO ZAM_PROD (ID_ZAM, ID_PROD, ILOSC) 
VALUES (51, 56, 1);

INSERT INTO ZAM_PROD (ID_ZAM, ID_PROD, ILOSC) 
VALUES (51, 61, 1);

INSERT INTO ZAM_PROD (ID_ZAM, ID_PROD, ILOSC) 
VALUES (51, 63, 1);

INSERT INTO ZAM_PROD (ID_ZAM, ID_PROD, ILOSC) 
VALUES (52, 57, 1);

INSERT INTO ZAM_PROD (ID_ZAM, ID_PROD, ILOSC) 
VALUES (52, 61, 1);

INSERT INTO ZAM_PROD (ID_ZAM, ID_PROD, ILOSC) 
VALUES (52, 64, 1);

INSERT INTO ZAM_PROD (ID_ZAM, ID_PROD, ILOSC) 
VALUES (53, 58, 1);

INSERT INTO ZAM_PROD (ID_ZAM, ID_PROD, ILOSC) 
VALUES (53, 61, 1);

INSERT INTO ZAM_PROD (ID_ZAM, ID_PROD, ILOSC) 
VALUES (53, 65, 1);

INSERT INTO ZAM_PROD (ID_ZAM, ID_PROD, ILOSC) 
VALUES (54, 56, 1);

INSERT INTO ZAM_PROD (ID_ZAM, ID_PROD, ILOSC) 
VALUES (54, 62, 1);

INSERT INTO ZAM_PROD (ID_ZAM, ID_PROD, ILOSC) 
VALUES (54, 63, 1);

INSERT INTO ZAM_PROD (ID_ZAM, ID_PROD, ILOSC) 
VALUES (55, 57, 1);

INSERT INTO ZAM_PROD (ID_ZAM, ID_PROD, ILOSC) 
VALUES (55, 62, 1);

INSERT INTO ZAM_PROD (ID_ZAM, ID_PROD, ILOSC) 
VALUES (55, 64, 1);

INSERT INTO ZAM_PROD (ID_ZAM, ID_PROD, ILOSC) 
VALUES (56, 58, 1);

INSERT INTO ZAM_PROD (ID_ZAM, ID_PROD, ILOSC) 
VALUES (56, 62, 1);

INSERT INTO ZAM_PROD (ID_ZAM, ID_PROD, ILOSC) 
VALUES (56, 65, 1);

INSERT INTO ZAM_PROD (ID_ZAM, ID_PROD, ILOSC) 
VALUES (57, 59, 4);

INSERT INTO ZAM_PROD (ID_ZAM, ID_PROD, ILOSC) 
VALUES (57, 63, 2);

INSERT INTO ZAM_PROD (ID_ZAM, ID_PROD, ILOSC) 
VALUES (58, 59, 1);

INSERT INTO ZAM_PROD (ID_ZAM, ID_PROD, ILOSC) 
VALUES (58, 60, 2);

INSERT INTO ZAM_PROD (ID_ZAM, ID_PROD, ILOSC) 
VALUES (58, 61, 2);

INSERT INTO ZAM_PROD (ID_ZAM, ID_PROD, ILOSC) 
VALUES (58, 63, 2);

INSERT INTO ZAM_PROD (ID_ZAM, ID_PROD, ILOSC) 
VALUES (59, 59, 1);

INSERT INTO ZAM_PROD (ID_ZAM, ID_PROD, ILOSC) 
VALUES (59, 62, 1);

INSERT INTO ZAM_PROD (ID_ZAM, ID_PROD, ILOSC) 
VALUES (59, 65, 1);

INSERT INTO ZAM_PROD (ID_ZAM, ID_PROD, ILOSC) 
VALUES (60, 56, 1);

INSERT INTO ZAM_PROD (ID_ZAM, ID_PROD, ILOSC) 
VALUES (60, 59, 1);

INSERT INTO ZAM_PROD (ID_ZAM, ID_PROD, ILOSC) 
VALUES (60, 62, 2);

INSERT INTO ZAM_PROD (ID_ZAM, ID_PROD, ILOSC) 
VALUES (60, 64, 1);

INSERT INTO ZAM_PROD (ID_ZAM, ID_PROD, ILOSC) 
VALUES (60, 65, 1);

INSERT INTO ZAM_PROD (ID_ZAM, ID_PROD, ILOSC) 
VALUES (61, 66, 1);

INSERT INTO ZAM_PROD (ID_ZAM, ID_PROD, ILOSC) 
VALUES (62, 70, 1);

INSERT INTO ZAM_PROD (ID_ZAM, ID_PROD, ILOSC) 
VALUES (63, 67, 1);

INSERT INTO ZAM_PROD (ID_ZAM, ID_PROD, ILOSC) 
VALUES (63, 75, 1);

INSERT INTO ZAM_PROD (ID_ZAM, ID_PROD, ILOSC) 
VALUES (64, 72, 1);

INSERT INTO ZAM_PROD (ID_ZAM, ID_PROD, ILOSC) 
VALUES (64, 74, 1);

INSERT INTO ZAM_PROD (ID_ZAM, ID_PROD, ILOSC) 
VALUES (64, 75, 1);

INSERT INTO ZAM_PROD (ID_ZAM, ID_PROD, ILOSC) 
VALUES (64, 76, 1);

INSERT INTO ZAM_PROD (ID_ZAM, ID_PROD, ILOSC) 
VALUES (65, 74, 1);

INSERT INTO ZAM_PROD (ID_ZAM, ID_PROD, ILOSC) 
VALUES (66, 67, 1);

INSERT INTO ZAM_PROD (ID_ZAM, ID_PROD, ILOSC) 
VALUES (67, 66, 2);

INSERT INTO ZAM_PROD (ID_ZAM, ID_PROD, ILOSC) 
VALUES (67, 72, 2);

INSERT INTO ZAM_PROD (ID_ZAM, ID_PROD, ILOSC) 
VALUES (68, 73, 1);

INSERT INTO ZAM_PROD (ID_ZAM, ID_PROD, ILOSC) 
VALUES (69, 66, 1);

INSERT INTO ZAM_PROD (ID_ZAM, ID_PROD, ILOSC) 
VALUES (69, 68, 1);

INSERT INTO ZAM_PROD (ID_ZAM, ID_PROD, ILOSC) 
VALUES (70, 76, 1);

INSERT INTO ZAM_PROD (ID_ZAM, ID_PROD, ILOSC) 
VALUES (71, 77, 1);

INSERT INTO ZAM_PROD (ID_ZAM, ID_PROD, ILOSC) 
VALUES (71, 82, 1);

INSERT INTO ZAM_PROD (ID_ZAM, ID_PROD, ILOSC) 
VALUES (71, 86, 1);

INSERT INTO ZAM_PROD (ID_ZAM, ID_PROD, ILOSC) 
VALUES (72, 78, 1);

INSERT INTO ZAM_PROD (ID_ZAM, ID_PROD, ILOSC) 
VALUES (72, 83, 1);

INSERT INTO ZAM_PROD (ID_ZAM, ID_PROD, ILOSC) 
VALUES (72, 87, 1);

INSERT INTO ZAM_PROD (ID_ZAM, ID_PROD, ILOSC) 
VALUES (73, 79, 1);

INSERT INTO ZAM_PROD (ID_ZAM, ID_PROD, ILOSC) 
VALUES (73, 84, 1);

INSERT INTO ZAM_PROD (ID_ZAM, ID_PROD, ILOSC) 
VALUES (73, 88, 1);

INSERT INTO ZAM_PROD (ID_ZAM, ID_PROD, ILOSC) 
VALUES (74, 80, 1);

INSERT INTO ZAM_PROD (ID_ZAM, ID_PROD, ILOSC) 
VALUES (74, 85, 1);

INSERT INTO ZAM_PROD (ID_ZAM, ID_PROD, ILOSC) 
VALUES (74, 88, 1);

INSERT INTO ZAM_PROD (ID_ZAM, ID_PROD, ILOSC) 
VALUES (75, 81, 1);

INSERT INTO ZAM_PROD (ID_ZAM, ID_PROD, ILOSC) 
VALUES (75, 82, 1);

INSERT INTO ZAM_PROD (ID_ZAM, ID_PROD, ILOSC) 
VALUES (75, 87, 1);

INSERT INTO ZAM_PROD (ID_ZAM, ID_PROD, ILOSC) 
VALUES (76, 79, 1);

INSERT INTO ZAM_PROD (ID_ZAM, ID_PROD, ILOSC) 
VALUES (76, 84, 1);

INSERT INTO ZAM_PROD (ID_ZAM, ID_PROD, ILOSC) 
VALUES (76, 88, 1);

INSERT INTO ZAM_PROD (ID_ZAM, ID_PROD, ILOSC) 
VALUES (77, 81, 2);

INSERT INTO ZAM_PROD (ID_ZAM, ID_PROD, ILOSC) 
VALUES (77, 86, 2);

INSERT INTO ZAM_PROD (ID_ZAM, ID_PROD, ILOSC) 
VALUES (78, 77, 2);

INSERT INTO ZAM_PROD (ID_ZAM, ID_PROD, ILOSC) 
VALUES (78, 80, 2);

INSERT INTO ZAM_PROD (ID_ZAM, ID_PROD, ILOSC) 
VALUES (78, 82, 1);

INSERT INTO ZAM_PROD (ID_ZAM, ID_PROD, ILOSC) 
VALUES (78, 83, 1);

INSERT INTO ZAM_PROD (ID_ZAM, ID_PROD, ILOSC) 
VALUES (78, 84, 1);

INSERT INTO ZAM_PROD (ID_ZAM, ID_PROD, ILOSC) 
VALUES (78, 85, 1);

INSERT INTO ZAM_PROD (ID_ZAM, ID_PROD, ILOSC) 
VALUES (79, 88, 1);

INSERT INTO ZAM_PROD (ID_ZAM, ID_PROD, ILOSC) 
VALUES (80, 79, 1);

INSERT INTO ZAM_PROD (ID_ZAM, ID_PROD, ILOSC) 
VALUES (80, 87, 1);

INSERT INTO ZAM_PROD (ID_ZAM, ID_PROD, ILOSC) 
VALUES (81, 89, 1);

INSERT INTO ZAM_PROD (ID_ZAM, ID_PROD, ILOSC) 
VALUES (82, 90, 2);

INSERT INTO ZAM_PROD (ID_ZAM, ID_PROD, ILOSC) 
VALUES (83, 91, 1);

INSERT INTO ZAM_PROD (ID_ZAM, ID_PROD, ILOSC) 
VALUES (84, 92, 1);

INSERT INTO ZAM_PROD (ID_ZAM, ID_PROD, ILOSC) 
VALUES (84, 93, 1);

INSERT INTO ZAM_PROD (ID_ZAM, ID_PROD, ILOSC) 
VALUES (85, 94, 2);

INSERT INTO ZAM_PROD (ID_ZAM, ID_PROD, ILOSC) 
VALUES (86, 91, 1);

INSERT INTO ZAM_PROD (ID_ZAM, ID_PROD, ILOSC) 
VALUES (86, 94, 1);

INSERT INTO ZAM_PROD (ID_ZAM, ID_PROD, ILOSC) 
VALUES (87, 89, 1);

INSERT INTO ZAM_PROD (ID_ZAM, ID_PROD, ILOSC) 
VALUES (88, 93, 2);

INSERT INTO ZAM_PROD (ID_ZAM, ID_PROD, ILOSC) 
VALUES (89, 91, 1);

INSERT INTO ZAM_PROD (ID_ZAM, ID_PROD, ILOSC) 
VALUES (90, 89, 1);

INSERT INTO ZAM_PROD (ID_ZAM, ID_PROD, ILOSC) 
VALUES (90, 94, 1);

INSERT INTO ZAM_PROD (ID_ZAM, ID_PROD, ILOSC) 
VALUES (91, 95, 1);

INSERT INTO ZAM_PROD (ID_ZAM, ID_PROD, ILOSC) 
VALUES (91, 100, 1);

INSERT INTO ZAM_PROD (ID_ZAM, ID_PROD, ILOSC) 
VALUES (92, 96, 1);

INSERT INTO ZAM_PROD (ID_ZAM, ID_PROD, ILOSC) 
VALUES (92, 100, 1);

INSERT INTO ZAM_PROD (ID_ZAM, ID_PROD, ILOSC) 
VALUES (93, 97, 1);

INSERT INTO ZAM_PROD (ID_ZAM, ID_PROD, ILOSC) 
VALUES (93, 100, 1);

INSERT INTO ZAM_PROD (ID_ZAM, ID_PROD, ILOSC) 
VALUES (94, 98, 1);

INSERT INTO ZAM_PROD (ID_ZAM, ID_PROD, ILOSC) 
VALUES (94, 100, 1);

INSERT INTO ZAM_PROD (ID_ZAM, ID_PROD, ILOSC) 
VALUES (95, 99, 2);

INSERT INTO ZAM_PROD (ID_ZAM, ID_PROD, ILOSC) 
VALUES (95, 100, 2);

INSERT INTO ZAM_PROD (ID_ZAM, ID_PROD, ILOSC) 
VALUES (96, 96, 2);

INSERT INTO ZAM_PROD (ID_ZAM, ID_PROD, ILOSC) 
VALUES (97, 99, 1);

INSERT INTO ZAM_PROD (ID_ZAM, ID_PROD, ILOSC) 
VALUES (98, 97, 3);

INSERT INTO ZAM_PROD (ID_ZAM, ID_PROD, ILOSC) 
VALUES (98, 100, 2);

INSERT INTO ZAM_PROD (ID_ZAM, ID_PROD, ILOSC) 
VALUES (99, 95, 1);

INSERT INTO ZAM_PROD (ID_ZAM, ID_PROD, ILOSC) 
VALUES (100, 98, 1);

INSERT INTO ZAM_PROD (ID_ZAM, ID_PROD, ILOSC) 
VALUES (100, 100, 1);

update produkt
set waga=0;
update produkt
set kalorie=0;

insert into skl_prod values (19, 26, 125);

insert into skl_prod values (20, 26, 75);

insert into skl_prod values (21, 26, 100);

insert into skl_prod values (22, 26, 150);
	
insert into skl_prod values (15, 26, 130);



















































